index,name,k2,K1,rAC,rcat,kg(473K),kg(673K),kg(873K),pg(473K),pg(673K),pg(873K),reff(Tg=473K),reff(Tg=673K),reff(Tg=873K),r1,r2,shaft_length,theta1,theta2,torsion
0,coords_1Kps_001_0001,4154.248,0.3582236,1127.679,1127.664,17.99087,63998.07,5905110.0,1.0,1.0,1.0,1127.664,1127.664,1127.664,5.386470499139104,0.14692791873611677,4.421667149986416,167.20146933653947,6.565716948808529,14.747487983143463
1,coords_1Kps_002_0002,7842.454,0.1748893,1207.018,1207.0,60.89289,162649.6,12915300.0,1.0,1.0,1.0,1207.0,1207.0,1207.0,5.4801558862390465,0.025942392324457497,4.48282176588028,185.51751315345243,6.196532063548801,11.30405569826812
2,coords_1Kps_002_0103,9576.523,1.02644,4944.847,4944.548,5.152252e-06,1.538175,1559.147,0.01837715,1.0,1.0,90.86669,4944.548,4944.548,5.411763783278534,0.12230498188873629,3.9597327705193686,166.70930918176984,-6.711944080410063,1.6131010224610287
3,coords_1Kps_003_0003,59065.0,0.5534943,21580.01,21574.3,22.12001,82010.95,7720031.0,1.0,1.0,1.0,21574.3,21574.3,21574.3,5.382705167082837,-0.1327491278002233,4.302871141367586,146.8136907911903,0.7241779064101621,27.109136193349176
4,coords_1Kps_003_0102,2904.114,0.9388152,1434.774,1434.749,50.70531,138567.9,11089680.0,1.0,1.0,1.0,1434.749,1434.749,1434.749,5.110213820239981,-0.09935313408396018,4.520485039834221,164.22353587827558,-0.6143408067767098,3.0852129386084024
5,coords_1Kps_004_0007,3872.461,0.004196577,16.82952,16.82952,0.002077987,98.64317,36803.8,0.9994362,1.0,1.0,16.82003,16.82952,16.82952,5.169274931268786,-0.008146275596657038,4.2658572619997805,147.41598151449014,-1.0079098987155248,12.680339108838432
6,coords_1Kps_004_0105,1768.898,0.1684243,263.6842,263.6833,11.30033,46316.32,4558299.0,1.0,1.0,1.0,263.6833,263.6833,263.6833,5.366280091491719,0.19203318570919814,4.447354410073954,170.40495733521414,-0.19764761385407326,4.667554427141425
7,coords_1Kps_004_0204,20079.33,9.148696,18169.86,18165.82,0.0002234798,22.64512,12874.38,0.5527006,1.0,1.0,10040.26,18165.82,18165.82,5.124622186734182,0.13491606223787,4.140342109270955,171.24674464393263,0.7897160929264686,18.531507232815805
8,coords_1Kps_004_0306,5109.532,5.941918,4397.925,4397.688,48.49293,129596.2,10319730.0,1.0,1.0,1.0,4397.688,4397.688,4397.688,5.565854501964985,0.08491194707535854,4.008775608801896,193.76757818000777,5.723228794497189,5.69704207071846
9,coords_1Kps_005_0001,3974.232,14.89961,3733.33,3733.159,0.02037695,550.9977,149667.6,1.0,1.0,1.0,3733.159,3733.159,3733.159,5.478443137809429,0.18210219160892915,4.2816260149562355,178.42072332142533,-13.22786366750357,29.47765290676742
10,coords_1Kps_006_0203,4595.885,1.140672,2493.88,2493.803,36.75493,104461.7,8581536.0,1.0,1.0,1.0,2493.803,2493.803,2493.803,5.233099265117636,0.08823155015780548,4.544511290092395,180.66092485712423,1.8073161173428787,2.2273843974918677
11,coords_1Kps_006_0407,24986.53,2.660185,18353.34,18349.22,8.83166e-07,0.4982146,703.0038,0.003174349,1.0,1.0,58.24682,18349.22,18349.22,5.174998250602632,0.15639822604398956,4.20770763586377,162.65175835612106,18.52372634447542,34.09174296496759
12,coords_1Kps_007_0005,23645.29,0.2409931,4739.045,4738.77,18.66926,67636.91,6378849.0,1.0,1.0,1.0,4738.77,4738.77,4738.77,5.36437087869381,-0.18833139839615054,4.49534417965132,199.05261694004844,-1.694441884240888,32.36841518831223
13,coords_1Kps_007_0102,16083.19,0.2103036,2886.615,2886.513,18.21972,74549.54,7454709.0,1.0,1.0,1.0,2886.513,2886.513,2886.513,5.282422406668006,-0.04076063497765814,4.689620756230615,182.48384101638047,0.5464046610620699,28.994359781812356
14,coords_1Kps_007_0306,4377.601,44.31569,4284.645,4284.42,0.07485216,1423.984,318862.8,1.0,1.0,1.0,4284.42,4284.42,4284.42,5.113810739705222,-0.15686301946447,4.471983572716921,154.7218803277525,-18.632496977021816,35.01171856419367
15,coords_1Kps_007_0408,53578.83,0.14689,7100.996,7100.378,0.03651544,966.7024,258037.8,1.0,1.0,1.0,7100.378,7100.378,7100.378,5.1686844818891196,-0.2118285644349931,4.427218175768393,203.14467777000684,5.847530304032006,2.7276558906094746
16,coords_1Kps_007_0709,6270.052,0.2323092,1220.189,1220.171,25.74558,85680.56,7643523.0,1.0,1.0,1.0,1220.171,1220.171,1220.171,5.253727165941889,0.1775486328368836,4.228762622366884,177.73265396853526,-2.0612004067241543,16.3721673674855
17,coords_1Kps_008_0001,9233.583,2.836763,6896.297,6895.715,0.3135024,3862.339,681396.1,1.0,1.0,1.0,6895.715,6895.715,6895.715,5.284195697297081,-0.065931952170736,4.069498441461336,188.42157686516094,-10.441832855144526,12.580229710094418
18,coords_1Kps_008_0203,33023.7,0.14689,4376.75,4376.516,0.04132874,1043.689,270928.5,1.0,1.0,1.0,4376.516,4376.516,4376.516,5.383184670381147,-0.1428674895608868,4.214619769555138,185.7600288706999,-2.9912766178918986,27.892798966172894
19,coords_1Kps_008_0405,5318.861,2.541543,3859.038,3858.855,5.847205e-06,1.720678,1716.228,0.02082993,1.0,1.0,80.3797,3858.855,3858.855,5.1356563897051615,0.13237758376160302,4.535560313362096,156.71609644060004,18.94695685113659,35.05193183619222
20,coords_1Kps_009_0002,8007.514,0.7801174,3586.92,3586.762,2.329104,15730.02,2019575.0,1.0,1.0,1.0,3586.762,3586.762,3586.762,5.476390976572677,0.04248666747778751,4.4665253926682205,174.50658152452365,-1.4965975445527278,26.382444789056443
21,coords_1Kps_009_0008,6903.818,0.1748893,1062.554,1062.54,29.1517,94185.39,8296664.0,1.0,1.0,1.0,1062.54,1062.54,1062.54,5.276254250312947,-0.18306024881604577,4.1739459837652735,202.93772814148406,-10.337010099947676,31.620311264654145
22,coords_1Kps_009_0103,6867.284,10.90486,6310.881,6310.393,7.624063,36247.03,3859195.0,1.0,1.0,1.0,6310.393,6310.393,6310.393,5.380156183270646,-0.0809023597592673,4.397606451664928,172.51015655798972,8.073406001224683,27.219724270772975
23,coords_1Kps_009_0408,13041.79,0.3673265,3605.314,3605.154,0.1523052,2518.927,514784.5,1.0,1.0,1.0,3605.154,3605.154,3605.154,5.361954125923056,-0.21916742663248634,4.318629584309703,191.97870628562424,-0.8142587575740521,16.74031431756287
24,coords_1Kps_009_0506,531038.5,0.002731666,1504.536,1504.508,0.005018,232.2239,82184.64,1.0,1.0,1.0,1504.508,1504.508,1504.508,5.411491967812237,-0.08389308257322448,4.263451314900289,202.46062128777805,-10.320277671851997,29.22666429428717
25,coords_1Kps_010_0001,10624.59,1.658849,6726.22,6725.666,31.80223,100647.1,8724123.0,1.0,1.0,1.0,6725.666,6725.666,6725.666,5.175697579307922,0.020303146211654965,4.194157693163789,240.13689696548477,5.0612972091990684,38.35883366556013
26,coords_1Kps_010_0212,62425.11,0.5376162,22388.03,22381.88,11.19427,64204.0,7539638.0,1.0,1.0,1.0,22381.88,22381.88,22381.88,5.19846301986238,0.1482901733942512,4.45002776796564,180.13452614090653,6.646484841097092,17.190833616664566
27,coords_1Kps_010_0307,170661700.0,5.66921,145916000.0,52336220.0,2.115786e-14,1.892348e-06,0.04230494,7.616831e-11,0.006789299,1.0,0.003986362,355326.3,52336220.0,5.386251845720712,-0.024069571459604866,4.397561325453575,175.40700379443865,-3.2464941929224977,46.790856807291966
28,coords_1Kps_010_0410,7062.93,13.08019,6579.33,6578.799,18.09601,64652.73,5939965.0,1.0,1.0,1.0,6578.799,6578.799,6578.799,5.349554202464139,0.11713359853711891,4.304348529483411,193.0344187151623,9.064974731463352,4.2759795019087345
29,coords_1Kps_010_0506,6145.399,2.713154,4537.493,4537.241,5.224901,27181.15,3049813.0,1.0,1.0,1.0,4537.241,4537.241,4537.241,5.309000001316705,0.04039252677468763,4.339668027289069,160.09031763998317,-2.534664287139435,2.259260012577616
30,coords_1Kps_010_0813,41818.03,1.374234,24604.43,24597.01,2.134569,16815.97,2406942.0,1.0,1.0,1.0,24597.01,24597.01,24597.01,5.056146180257768,0.16776477897574438,4.5268525355924725,181.96258499924562,-0.945266782220969,18.9776275767463
31,coords_1Kps_010_0911,2956.057,0.1786495,463.2104,463.2078,1.868319,13020.8,1707677.0,1.0,1.0,1.0,463.2078,463.2078,463.2078,5.158761509365673,0.06550445501783786,3.803624745817139,156.48286663736357,19.023142803417215,30.338257358611344
32,coords_1Kps_011_0001,1508.231,1.614456,945.2942,945.2832,0.0001187459,17.40139,11489.79,0.3478529,1.0,1.0,328.8195,945.2832,945.2832,5.027678741759236,0.06768044224339942,4.31879660526807,188.7550225462117,-1.4441445965239978,7.2021269507876475
33,coords_1Kps_011_0207,7535.645,13.08019,7019.678,7019.074,26.33149,85512.52,7541672.0,1.0,1.0,1.0,7019.074,7019.074,7019.074,5.3281817054317315,-0.06143450416983853,4.4201073146474625,155.64793088924068,-5.746989291341677,11.538020212598802
34,coords_1Kps_011_0304,757.8943,22.452,726.7727,726.7662,0.1138238,1890.639,396972.4,1.0,1.0,1.0,726.7662,726.7662,726.7662,5.096993925115712,0.09873963810709885,4.5313139934602855,213.82111169254944,3.2739631296142164,5.476487614883006
35,coords_1Kps_011_0506,14456.24,0.02466976,361.6579,361.6563,38.23203,111944.1,9322275.0,1.0,1.0,1.0,361.6563,361.6563,361.6563,4.995142602853424,0.10496023026239731,4.165673268935317,149.19325659168493,-14.370323199969917,30.670509480532644
36,coords_1Kps_012_0005,59709.64,1.594839,37252.4,37235.4,220.6009,570592.5,44406410.0,1.0,1.0,1.0,37235.4,37235.4,37235.4,5.421314571087576,0.10050123438800629,4.390721151769946,212.5645744887371,9.890875358524085,9.906251052945061
37,coords_1Kps_012_0006,11634.51,1.02644,6007.489,6007.047,7.402855e-06,1.881939,1760.468,0.02629829,1.0,1.0,157.9751,6007.047,6007.047,5.190324205527665,-0.09850013758262799,4.5126030070463,176.6539914654603,8.988016895715006,31.980624971860887
38,coords_1Kps_012_0106,2229.83,14.65127,2092.517,2092.463,0.1205713,1930.241,396729.7,1.0,1.0,1.0,2092.463,2092.463,2092.463,5.378164403305892,0.15892527465888007,3.9659374914096914,192.55609394175826,0.665601668088712,6.291600319786718
39,coords_1Kps_012_0204,43275.52,0.0251016,1101.112,1101.097,54.17274,152558.8,12410440.0,1.0,1.0,1.0,1101.097,1101.097,1101.097,5.287188710501948,-0.1111433681194054,4.220695354963862,186.70286291272907,3.9895541457306507,2.106435477061405
40,coords_1Kps_013_0001,10690.12,0.105948,1061.099,1061.085,31.25319,96174.45,8166820.0,1.0,1.0,1.0,1061.085,1061.085,1061.085,5.224078448206146,-0.11079961907899039,4.378430252227961,201.88411928837826,5.589994394990626,7.233327549078641
41,coords_1Kps_013_0203,1809.245,0.1391803,228.7917,228.7911,15.7742,59660.58,5682257.0,1.0,1.0,1.0,228.7911,228.7911,228.7911,5.410839809032914,-0.041473651691807056,4.348003907869679,202.8018206426551,-1.4794192345291606,1.9911992489974577
42,coords_1Kps_014_0001,10261.04,0.3787199,2899.715,2899.612,23.05933,77944.58,7008489.0,1.0,1.0,1.0,2899.612,2899.612,2899.612,5.01178353427411,0.04657679871918319,4.59118633289099,183.24227740080008,-4.021605153340204,6.61398131084021
43,coords_1Kps_014_0207,3067.351,2.70745,2263.55,2263.488,1.972478,13721.59,1799936.0,1.0,1.0,1.0,2263.488,2263.488,2263.488,5.2016690862492725,0.08769764768022448,4.578564522757788,198.6135919887259,7.037124548461975,26.86332282750315
44,coords_1Kps_014_0306,164644.8,13.51134,153707.4,153418.4,6.853814e-08,0.07571667,155.6248,0.0002467069,1.0,1.0,37.84938,153418.4,153418.4,5.235171123726527,0.1863145634348804,3.6180451569025505,166.80124974393075,40.558501899661564,55.49309703209724
45,coords_1Kps_014_0405,33172.62,2.713154,24493.21,24485.86,1.067295,10101.76,1588293.0,1.0,1.0,1.0,24485.86,24485.86,24485.86,5.18674001999951,-0.1391824871723708,4.359145848451851,182.03468255284736,5.1075871475696175,2.031230103420529
46,coords_1Kps_014_0509,2049141000.0,0.0005146958,1096405.0,1081870.0,6.280093e-26,1.124714e-14,1.498201e-08,2.260833e-22,4.04897e-11,5.393377e-05,2.445928e-16,4.38046e-05,58.34933,5.24176097327881,0.0248853355047971,4.467611984975195,154.97022112827145,4.328239015314097,18.39104184752605
47,coords_1Kps_014_0810,5579.131,4.628069,4619.482,4619.22,38.65969,110795.5,9111712.0,1.0,1.0,1.0,4619.22,4619.22,4619.22,5.321632685249357,0.15013679191249407,3.9391521282790025,191.13850014780314,4.882782313993189,20.010422932203102
48,coords_1Kps_014_0911,11998.29,0.1261474,1391.671,1391.647,98.40042,255355.4,19925100.0,1.0,1.0,1.0,1391.647,1391.647,1391.647,5.175380717978548,0.0245459492351352,4.423921416753015,183.19689547819897,-4.390679463587588,43.71088097811714
49,coords_1Kps_015_0005,562.3702,4.625737,465.5983,465.5956,1.084286,9325.271,1376118.0,1.0,1.0,1.0,465.5956,465.5956,465.5956,5.471176965754923,0.17777459488002423,4.3070365529948775,214.1301641241223,-6.210184749194283,36.2398556573742
50,coords_1Kps_015_0106,4908.334,6.425645,4269.511,4269.288,15.2174,57401.72,5443722.0,1.0,1.0,1.0,4269.288,4269.288,4269.288,5.076150133385445,0.1222165493332712,4.321597509694764,166.14996086164896,13.043672213467033,15.596966763689673
51,coords_1Kps_015_0203,31735.93,3.317261,24604.79,24597.37,19.62856,85589.51,8779165.0,1.0,1.0,1.0,24597.37,24597.37,24597.37,5.0750275735239665,-0.09745502785808124,4.542532583779056,169.7800783451197,6.701742938785202,12.246623748430624
52,coords_1Kps_015_0407,6791.19,0.5987877,2606.35,2606.267,0.003848877,170.8857,60753.27,0.999999,1.0,1.0,2606.264,2606.267,2606.267,5.428352272081973,-0.1788355051785664,4.2108916045960205,168.54467956994938,-4.498130022373871,16.81480567337402
53,coords_1Kps_016_0003,2975.199,9.756123,2708.305,2708.215,0.001235099,77.58896,33535.58,0.9882788,1.0,1.0,2676.471,2708.215,2708.215,5.174333731055005,-0.16079486818231814,4.444690117634347,164.64658447336902,6.108113108698632,3.7819444508832074
54,coords_1Kps_016_0104,5471.781,13.70228,5113.021,5112.701,17.46315,65168.72,6148207.0,1.0,1.0,1.0,5112.701,5112.701,5112.701,5.1067535607634795,0.0006766679621175165,4.332709973374777,188.54420677756912,17.202733572475196,11.998889598322139
55,coords_1Kps_016_0205,8019.667,17.9053,7610.991,7610.282,42.85038,117839.4,9527395.0,1.0,1.0,1.0,7610.282,7610.282,7610.282,5.249057165256616,0.08545279555515606,4.547962962008379,186.74421023943873,1.3049674999269598,4.264807063710656
56,coords_1Kps_017_0001,6489.701,17.9053,6158.991,6158.526,34.44898,102483.7,8629792.0,1.0,1.0,1.0,6158.526,6158.526,6158.526,5.24199087883774,-0.0549723874498409,4.552386209736603,188.28756490140256,-3.9175354429735165,12.945212071454845
57,coords_1Kps_017_0203,9090.399,0.090216,779.8225,779.8151,31.78007,93689.01,7966512.0,1.0,1.0,1.0,779.8151,779.8151,779.8151,5.195019449928042,-0.1511314291250394,4.710116386476028,192.1604689426411,0.5392675721605116,6.50066151236972
58,coords_1Kps_018_0003,3649.154,1.422778,2177.634,2177.575,8.103743,36830.83,3873414.0,1.0,1.0,1.0,2177.575,2177.575,2177.575,5.178424194863901,-0.14773607632584262,4.437186354467772,211.39587956909276,-6.484744427676546,3.4417781560034193
59,coords_1Kps_018_0106,5588.966,1.31311,3226.551,3226.423,44.82474,132405.0,11040840.0,1.0,1.0,1.0,3226.423,3226.423,3226.423,5.274496079383512,-0.21313325401720462,4.471886726486373,143.9959204554832,-4.043009587556483,10.617249402791218
60,coords_1Kps_018_0207,35008.35,0.1413551,4487.361,4487.114,51.12241,141355.4,11426040.0,1.0,1.0,1.0,4487.114,4487.114,4487.114,5.262538387196661,0.27148196235031374,4.371061146938468,183.17804629981555,-3.05295005309533,1.038434944575182
61,coords_1Kps_018_0405,3509.421,5.216416,2963.265,2963.157,39.02802,118215.8,10001960.0,1.0,1.0,1.0,2963.157,2963.157,2963.157,5.242362895314973,-0.0236271446182581,4.461368535410099,144.65748731899322,-1.035621938137112,12.32402063996236
62,coords_1Kps_019_0004,7482.905,12.02521,6928.927,6928.339,4.085878e-06,1.260293,1268.748,0.01460151,1.0,1.0,101.1642,6928.339,6928.339,5.313372398119357,0.03943544536764643,4.40678592915188,169.9318779000304,14.81883671905041,18.818659414666705
63,coords_1Kps_019_0107,8684.842,0.004196577,37.74389,37.74387,0.0001232367,14.59732,8859.328,0.3583114,1.0,1.0,13.52406,37.74387,37.74387,5.383038113352601,-0.04725572127550226,4.104267593593893,188.28907749983068,15.980048316963689,18.26080233695197
64,coords_1Kps_019_0205,70500.89,0.846512,33009.78,32996.43,6.284158,29687.99,3169733.0,1.0,1.0,1.0,32996.43,32996.43,32996.43,5.146356143406635,0.22005028546399208,4.351775207281967,143.14108184378676,6.369701454292411,26.354155291324336
65,coords_1Kps_019_0308,5129.0,18.57263,4876.559,4876.268,40.85272,126073.2,10748420.0,1.0,1.0,1.0,4876.268,4876.268,4876.268,5.124402388214595,-0.21790523576214404,4.505328431780972,134.01618250677151,0.44002372954241764,14.883296128758126
66,coords_1Kps_019_0609,4307.161,0.5165343,1505.308,1505.281,0.09868793,1587.805,323729.1,1.0,1.0,1.0,1505.281,1505.281,1505.281,5.575489844472575,0.050779296796796825,4.035718241323349,174.1519030903771,8.803985618962969,19.20961148952116
67,coords_1Kps_020_0003,1735.105,8.852362,1565.121,1565.091,0.9338691,8052.751,1183236.0,1.0,1.0,1.0,1565.091,1565.091,1565.091,5.354025155984477,0.10925721778168151,4.321992369987365,189.45240293061198,-6.63734183424539,7.63661370371208
68,coords_1Kps_020_0105,14164.02,15.16589,13319.63,13317.46,21.68977,73258.2,6649982.0,1.0,1.0,1.0,13317.46,13317.46,13317.46,5.190270875973413,-0.09794496629324057,4.330728769855024,171.5694936663222,-2.5654333363504804,8.638617697282514
69,coords_1Kps_020_0204,4196.267,0.9761881,2114.111,2114.056,3.008462,17972.93,2172509.0,1.0,1.0,1.0,2114.056,2114.056,2114.056,5.137558911501264,0.010054020387068263,4.723799990550935,182.59769191552044,0.3678049008762372,21.27693255382071
70,coords_1Kps_021_0001,37884.69,5.797873,32496.03,32483.1,0.2552502,3202.815,570696.9,1.0,1.0,1.0,32483.1,32483.1,32483.1,5.205236952582746,0.24263518850133003,4.653990661093337,174.48122508189942,1.212018571789784,1.7794227741077826
71,coords_1Kps_021_0305,6884.84,0.9206359,3367.8,3367.661,34.5646,101593.9,8540055.0,1.0,1.0,1.0,3367.661,3367.661,3367.661,5.269541762977983,0.04462836128413139,4.221237955831205,209.84011600095045,-8.9224553274248,19.117009099787115
72,coords_1Kps_022_0004,551.3816,0.06780609,36.32493,36.32491,2.508234,15750.28,1957521.0,1.0,1.0,1.0,36.32491,36.32491,36.32491,5.551024104381833,0.04695577889749236,4.477322029117965,179.46445016876268,-7.930874796874349,16.48538944148776
73,coords_1Kps_022_0109,329.5866,14.89961,309.6084,309.6072,13.86041,50206.93,4704432.0,1.0,1.0,1.0,309.6072,309.6072,309.6072,5.388759941898573,0.017476587689824186,4.4455605695093166,198.3809821454712,-5.957737016943852,5.497449167085596
74,coords_1Kps_022_0206,79713.31,1.052868,41665.87,41644.6,1.327194e-05,3.395851,3129.041,0.04665555,1.0,1.0,1942.952,41644.6,41644.6,5.156757618708642,-0.12108633218645748,3.9385809607210054,150.75977384840212,1.5181226791342084,24.05504931263738
75,coords_1Kps_022_0308,7458.887,13.48313,6962.422,6961.828,5.530938e-06,1.669774,1690.228,0.01971445,1.0,1.0,137.2486,6961.828,6961.828,5.459664094652313,0.24950232015816765,4.215249412084058,196.51801326926756,2.394534089407628,4.099445837632563
76,coords_1Kps_022_0507,4399.605,13.09765,4098.737,4098.531,68.81226,182192.4,14399790.0,1.0,1.0,1.0,4098.531,4098.531,4098.531,5.3329863908894115,0.012806591596910888,3.986469268679366,195.35236018398854,-8.645779859041838,3.0362764067693955
77,coords_1Kps_023_0001,13393.08,0.2103036,2403.793,2403.722,17.59884,67224.11,6469318.0,1.0,1.0,1.0,2403.722,2403.722,2403.722,5.361499912908454,0.037620732085507314,4.503020591364202,165.37504650956376,-5.1924106669586365,25.390872240240387
78,coords_1Kps_024_0003,39099.19,1.094586,20815.68,20810.37,28.68015,91553.5,7976958.0,1.0,1.0,1.0,20810.37,20810.37,20810.37,5.54431534393729,-0.255643730573496,4.326827892954605,208.35511288731092,-3.291063717680686,19.506058225686107
79,coords_1Kps_024_0102,47474.21,0.01434015,697.6904,697.6845,56.93786,156976.7,12702210.0,1.0,1.0,1.0,697.6845,697.6845,697.6845,5.202421580218109,0.01899093334301094,4.615929554805536,207.56344617914584,4.398340016113323,8.946918798429598
80,coords_1Kps_025_0001,3628.084,9.132997,3282.531,3282.399,0.5851276,5717.861,892870.4,1.0,1.0,1.0,3282.399,3282.399,3282.399,5.245953779708485,-0.02166014224896884,4.2962863271347524,192.6977329567161,10.981688189309537,1.93270931705075
81,coords_1Kps_025_0203,41956.96,0.2205584,7829.127,7828.376,30.76071,108742.2,9985652.0,1.0,1.0,1.0,7828.376,7828.376,7828.376,5.258462143553294,-0.07095109454337312,4.457121895396737,165.70439993829655,-12.831926398107939,16.178826571331832
82,coords_1Kps_025_0405,5659.994,1.424557,3379.304,3379.164,24.05002,79690.87,7070857.0,1.0,1.0,1.0,3379.164,3379.164,3379.164,5.328722277283033,0.05245343219941878,4.443300283265272,212.45131606009545,-2.8716571456449884,26.2648181867445
83,coords_1Kps_026_0001,22530.05,6.523588,19636.12,19631.4,29.66901,93708.8,8185053.0,1.0,1.0,1.0,19631.4,19631.4,19631.4,5.194171288579167,0.0310750341887851,4.508506509311732,162.2802152632858,0.004498169109425021,8.279557397843025
84,coords_1Kps_026_0205,6419.171,3.885668,5145.915,5145.59,37.69433,111144.4,9435085.0,1.0,1.0,1.0,5145.59,5145.59,5145.59,5.136216035013556,0.04858710188566606,4.700472689139892,197.25855921476878,-4.187703748251295,1.4689299464416181
85,coords_1Kps_026_0304,3507.219,0.1261474,406.7991,406.7971,54.23965,148088.4,11841890.0,1.0,1.0,1.0,406.7971,406.7971,406.7971,5.0570605565626945,0.03123353485930158,4.632627164116085,203.8263371261138,-5.68456589160256,14.657497330393166
86,coords_1Kps_027_0004,18582.71,0.1748893,2860.031,2859.931,16.13033,60296.1,5770484.0,1.0,1.0,1.0,2859.931,2859.931,2859.931,5.334676079791901,0.19694174543789478,4.707649807942919,145.61178893544167,6.7301857822941855,4.450647110989534
87,coords_1Kps_027_0102,17741.12,1.980461,11943.19,11941.44,0.0001291657,15.82362,9737.517,0.3718626,1.0,1.0,4440.576,11941.44,11941.44,5.513320258448195,0.23206228300333143,4.590402660578482,180.18994049552913,-3.7224402856145247,24.00132994212423
88,coords_1Kps_027_0305,27453.95,2.68744,20220.17,20215.16,15.27441,68396.21,7199869.0,1.0,1.0,1.0,20215.16,20215.16,20215.16,5.2636485158803445,-0.10228235463970092,4.149240253968191,192.9945746468119,10.054934431958742,27.03746162873418
89,coords_1Kps_027_0306,12785.82,0.1403351,1628.563,1628.53,0.2181361,3097.903,587624.7,1.0,1.0,1.0,1628.53,1628.53,1628.53,5.360207331660096,0.0305311206694161,4.540288930307632,171.71956039722593,0.6312505216857289,44.18581391186402
90,coords_1Kps_027_0507,3434.073,0.0495557,168.3282,168.3279,31.17084,105565.2,9590047.0,1.0,1.0,1.0,168.3279,168.3279,168.3279,5.326529002606977,-0.1299921027860922,4.292924414184345,201.2954348545436,10.612869902409358,23.958288880424643
91,coords_1Kps_028_0002,12316.9,1.934678,8228.016,8227.186,0.0001195223,16.25717,10683.83,0.3496732,1.0,1.0,2876.826,8227.186,8227.186,5.378820381012882,-0.17882026451288002,4.342101260625437,170.3713080157086,-4.0539383447184605,15.752212832783915
92,coords_1Kps_028_0103,5529.759,10.90486,5081.726,5081.41,8.057066,36472.71,3806302.0,1.0,1.0,1.0,5081.41,5081.41,5081.41,5.233760625944924,0.006704240941982853,3.653937584086549,123.87270815149387,-6.408663195297912,8.069303716538322
93,coords_1Kps_029_0001,19081.65,0.07875888,1444.781,1444.755,24.72439,80812.01,7139329.0,1.0,1.0,1.0,1444.755,1444.755,1444.755,5.235648901351354,-0.2978608762129733,4.332204619420119,146.19056763397865,4.750936910836344,11.773269817394866
94,coords_1Kps_029_0203,15241.78,0.1403351,1941.385,1941.339,123.2984,320291.8,24477950.0,1.0,1.0,1.0,1941.339,1941.339,1941.339,5.310308932847544,0.06319675402020097,4.3097694491132446,159.70027534670723,9.257329927310138,35.06226678550425
95,coords_1Kps_030_0205,437413.1,0.6349563,173979.0,173608.9,1.269626e-09,0.004385217,16.63256,4.570644e-06,0.9999999,1.0,0.7935045,173608.9,173608.9,5.147610448293275,0.10192749590714811,4.56311700525255,185.4935323791101,-4.244614795052215,13.494756036428106
96,coords_1Kps_030_0309,4395.988,1.778673,2853.549,2853.449,69.51271,184115.5,14701140.0,1.0,1.0,1.0,2853.449,2853.449,2853.449,5.277921003911794,0.10415745036588486,4.087078355775678,182.19103474967994,-18.70390428598735,26.80328832994696
97,coords_1Kps_030_0407,5668.293,0.5413935,2042.004,2041.953,29.78781,91919.39,7879797.0,1.0,1.0,1.0,2041.953,2041.953,2041.953,5.057909643683654,0.08907731884112602,4.690308554471655,197.6500907148981,7.767051614930651,15.80540267262893
98,coords_1Kps_030_0608,558109.6,3.219869,429780.0,427528.4,1.646438e-09,0.005490228,20.22875,5.927159e-06,1.0,1.0,2.534029,427528.4,427528.4,5.365415896606816,-0.23370583355765762,3.90305626935982,175.93542433747558,7.7658252226020466,7.292263322859961
99,coords_1Kps_031_0005,4733.362,0.07876163,358.4016,358.4,46.94122,133637.1,10960350.0,1.0,1.0,1.0,358.4,358.4,358.4,5.113547414276452,-0.09423269786346067,4.234572360702437,188.62601129212928,-23.119585850841275,38.41102603740816
100,coords_1Kps_031_0102,556707.9,0.1174114,60586.93,60541.98,3.443919e-09,0.01080774,38.84844,1.239803e-05,1.0,1.0,0.7506014,60541.98,60541.98,5.257664124648061,-0.02843720518510784,4.462403592462839,210.81465719032053,-4.938596755853496,4.87005683166245
101,coords_1Kps_031_0304,22213.06,0.5022749,7622.465,7621.753,0.03627043,832.0593,203156.0,1.0,1.0,1.0,7621.753,7621.753,7621.753,5.089570851092759,0.062080117098313625,4.126486094449368,141.42004416568489,11.43270658819796,8.496479690308032
102,coords_1Kps_032_0009,28381.11,3.317261,22003.81,21997.88,50.14872,138803.6,11213880.0,1.0,1.0,1.0,21997.88,21997.88,21997.88,5.458502486211019,0.12122781788074821,4.343447299838575,222.55922210307938,-0.8762150397551238,0.11310627526185899
103,coords_1Kps_032_0106,31184.76,3.465994,24412.87,24405.57,2.340401,17896.99,2513389.0,1.0,1.0,1.0,24405.57,24405.57,24405.57,5.351585270829167,0.1023123943655162,4.262784389822658,162.17118041049642,-11.802752309422033,24.54080581511693
104,coords_1Kps_032_0211,6465.297,0.5858415,2447.943,2447.869,53.15475,138815.1,10924770.0,1.0,1.0,1.0,2447.869,2447.869,2447.869,5.203559925254201,0.09272717017406595,4.534494006074436,208.60104123499082,-6.698244720056053,48.3031298911424
105,coords_1Kps_032_0305,295704.3,0.0686619,19710.44,19705.68,2.197854,13946.63,1734073.0,1.0,1.0,1.0,19705.68,19705.68,19705.68,5.323643658830814,0.28962457862230195,4.3250378060426655,238.60114162091259,7.708815043302309,9.721311257823286
106,coords_1Kps_032_0310,707.5277,1.094586,376.6746,376.6728,0.1576377,2708.727,578364.6,1.0,1.0,1.0,376.6728,376.6728,376.6728,5.110532020022638,0.099590866666313,4.400838374747475,174.8010275656154,2.853237218386724,13.55002579731474
107,coords_1Kps_032_0412,10073.62,0.1786474,1578.509,1578.478,0.05882977,1266.389,299860.0,1.0,1.0,1.0,1578.478,1578.478,1578.478,5.3737461791283385,-0.15970711982521735,4.177148220354339,225.81859507159493,-6.500333796812768,22.349271215948825
108,coords_1Kps_032_0713,4569.787,9.756123,4159.848,4159.636,3.663842,21767.72,2639584.0,1.0,1.0,1.0,4159.636,4159.636,4159.636,5.160475703649551,-0.26029927364991234,4.537915421769395,169.01135057311598,0.22478254029310563,0.5194330498193273
109,coords_1Kps_032_0810,473250.9,0.2542808,98985.98,98866.06,60.6453,161896.1,12815850.0,1.0,1.0,1.0,98866.06,98866.06,98866.06,5.554739206800376,0.059782738334407615,4.325678877462013,207.71075294012812,1.1390200286564038,64.0861845489603
110,coords_1Kps_033_0001,5579.815,0.3294149,1423.928,1423.903,30.09033,91716.83,7789987.0,1.0,1.0,1.0,1423.903,1423.903,1423.903,5.285014953142497,-0.034313782365397394,4.4638096876911115,174.193242155791,-4.533155926240227,1.6131759566890713
111,coords_1Kps_034_0003,121843200.0,0.6349563,48462580.0,30405820.0,1.326566e-16,3.778721e-08,0.001478987,4.775639e-13,0.0001360247,0.9951285,1.452072e-05,4135.942,30257700.0,5.233230985833085,0.08745320986957106,4.446471723858706,202.9973137553822,3.941546837661079,20.41339542403121
112,coords_1Kps_034_0105,7765.76,0.5413935,2797.617,2797.521,40.7751,114307.5,9326470.0,1.0,1.0,1.0,2797.521,2797.521,2797.521,5.309387675497422,-0.021936998885485615,3.7271931102300027,172.70838326957187,-19.088127203767897,17.43383555957421
113,coords_1Kps_034_0204,10593.21,0.1391807,1339.589,1339.567,17.16998,65078.69,6198210.0,1.0,1.0,1.0,1339.567,1339.567,1339.567,5.139936302361558,0.01771619721613238,4.544842618407401,186.4641893840824,2.718635952931919,1.5640760743750273
114,coords_1Kps_035_0008,5034.261,0.5472169,1826.026,1825.985,0.05675498,1167.907,274554.4,1.0,1.0,1.0,1825.985,1825.985,1825.985,5.358063569891426,-0.2584736535942347,4.230017864303294,187.10238392806272,-14.948203837771018,5.974964342947354
115,coords_1Kps_035_0105,809.159,0.270818,177.833,177.8326,0.01740582,469.108,129104.5,1.0,1.0,1.0,177.8326,177.8326,177.8326,5.366463276744017,-0.013921018564264642,4.090169565999068,148.82770087877418,4.380941870658162,2.546302674016125
116,coords_1Kps_035_0203,26071.86,0.3787199,7367.768,7367.103,18.88927,68858.89,6445591.0,1.0,1.0,1.0,7367.103,7367.103,7367.103,5.3592905867813325,0.10136530983035641,3.990980197050594,164.8812080643056,-8.88169447714992,7.8397885813608506
117,coords_1Kps_035_0409,7074.082,8.462569,6352.387,6351.892,6.492691e-06,1.878025,1862.268,0.02310264,1.0,1.0,146.7455,6351.892,6351.892,5.170712828694395,-0.05064224101691428,4.264029981956622,178.3810873649253,3.462862193229725,7.216485619795203
118,coords_1Kps_035_0607,1877.188,0.1619368,270.6018,270.6009,0.1155493,1841.739,374848.6,1.0,1.0,1.0,270.6009,270.6009,270.6009,5.227296748002688,-0.2658299219924616,4.431429103389589,206.19610536473306,-6.649000979586646,14.936356813057367
119,coords_1Kps_036_0004,6063.79,1.038227,3148.33,3148.209,33.42125,98675.69,8288277.0,1.0,1.0,1.0,3148.209,3148.209,3148.209,5.303926344063696,0.13747702697947606,4.577338528776849,171.37182646088144,-5.962353780499669,6.51888065029813
120,coords_1Kps_036_0107,24922.7,1.052868,13027.01,13024.93,2.372686e-06,0.9432288,1102.011,0.008505293,1.0,1.0,110.7809,13024.93,13024.93,5.110312326868334,-0.06095199961894959,4.566844343247315,209.64144804570805,-9.103279139409423,8.703017858067625
121,coords_1Kps_036_0205,55974590.0,0.5334042,19973470.0,16046120.0,1.22179e-10,0.0009266762,5.359355,4.398442e-07,0.9644222,1.0,7.057792,15475230.0,16046120.0,5.18488026298488,-0.1266913900383586,3.9980935279986887,208.3113244263479,11.406531550828191,15.698724112571165
122,coords_1Kps_036_0306,21790.97,11.22726,20072.12,20067.19,26.81709,85397.05,7493818.0,1.0,1.0,1.0,20067.19,20067.19,20067.19,5.153328065884039,0.07147357154833323,4.13870798107178,184.55824661318786,-21.064613650035966,39.77561095042097
123,coords_1Kps_037_0001,5551.921,19.89958,5296.047,5295.703,30.03254,90765.34,7707414.0,1.0,1.0,1.0,5295.703,5295.703,5295.703,5.08606540251496,-0.0657449241954482,4.77688386575209,198.5507333301984,-7.489173282061714,27.834961369101833
124,coords_1Kps_037_0207,23326.14,1.408388,13862.76,13860.4,1.634236e-07,0.1459219,265.164,0.000588152,1.0,1.0,8.152025,13860.4,13860.4,5.194460182886906,0.16449543195037553,3.966357404675888,157.25334131646378,11.058409770087167,20.598804580867284
125,coords_1Kps_037_0305,23035.46,1.778673,14952.91,14950.17,83.78737,266162.2,23695680.0,1.0,1.0,1.0,14950.17,14950.17,14950.17,5.184835041180734,-0.2693746130621246,4.545011411278002,169.74868863438172,-6.556528075117498,8.86888729460995
126,coords_1Kps_037_0406,13717.9,0.7319839,5929.599,5929.169,0.003956284,198.7628,77855.38,0.9999993,1.0,1.0,5929.165,5929.169,5929.169,5.447745319006823,0.14540431555712008,4.565568128249421,137.95823364164943,5.435717623885182,65.59834558254828
127,coords_1Kps_038_0005,21758.65,0.1860042,3527.166,3527.013,0.0003150992,36.874,22768.57,0.6783712,1.0,1.0,2392.624,3527.013,3527.013,5.106040157223841,0.08589036161016805,4.300882926339081,202.94775877838973,7.000765428002779,22.30153089940746
128,coords_1Kps_038_0102,477538.0,6193.521,477463.9,474686.6,1.477242e-11,0.0002140287,1.785049,5.31807e-08,0.5372198,1.0,0.02524416,255011.0,474686.6,5.18567897345605,-0.07914452132513627,4.18752854548778,232.0107604635682,17.476472475288418,57.637230750508394
129,coords_1Kps_038_0306,19229.88,0.08174741,1506.924,1506.896,0.1208142,2027.63,419755.6,1.0,1.0,1.0,1506.896,1506.896,1506.896,5.228863567514514,0.09791593496163298,3.8944739684134495,181.63262341430647,2.5519724670472073,5.646438734830114
130,coords_1Kps_038_0407,3970.158,0.2351071,780.0929,780.0854,28.27113,87325.98,7535329.0,1.0,1.0,1.0,780.0854,780.0854,780.0854,5.20901926492247,0.03728121331931522,4.429044284588946,160.87287536181447,-11.55009960733689,1.9148656468248155
131,coords_1Kps_038_0809,1636.17,9.668577,1488.187,1488.16,7.347903,33561.96,3526530.0,1.0,1.0,1.0,1488.16,1488.16,1488.16,5.43343086486696,-0.14578043194157653,4.566021171170941,175.0478686097926,1.9857728461173991,11.557459058700857
132,coords_1Kps_039_0005,10794.42,2.351628,7661.935,7661.216,26.75044,90693.42,8126021.0,1.0,1.0,1.0,7661.216,7661.216,7661.216,4.983513928467305,0.03632866505094379,4.219640272323459,142.45392803820937,9.810451043071481,0.685421986143189
133,coords_1Kps_039_0108,7214.986,1.614456,4522.042,4521.792,0.0788918,1427.244,307646.1,1.0,1.0,1.0,4521.792,4521.792,4521.792,5.243338381379957,-0.05508124029683659,4.599737705133318,195.4594632688413,-2.6222637185871065,22.376504491390392
134,coords_1Kps_039_0210,326960.4,6803.463,326914.2,325609.8,4.602065e-11,0.0004612822,3.142629,1.656743e-07,0.8099781,1.0,0.05394518,263736.8,325609.8,5.403539291273057,-0.0883258795045343,4.366004772698976,178.92781029515027,-0.6774843483001831,26.16411743874392
135,coords_1Kps_039_0307,7431.842,1.140672,4032.764,4032.565,77.62977,202563.5,15929600.0,1.0,1.0,1.0,4032.565,4032.565,4032.565,5.230206064212856,-0.025680264466638736,4.571721130699137,178.55718386235935,-9.206894347415599,12.363882574443277
136,coords_1Kps_039_0406,8084.084,13.75458,7555.931,7555.231,70.13017,184367.9,14586440.0,1.0,1.0,1.0,7555.231,7555.231,7555.231,5.28236030127654,-0.05462874424341546,3.8832256526662214,185.4649464986139,4.121046552454601,2.3257969788893242
137,coords_1Kps_039_0911,21974.55,4.689832,18236.08,18232.01,27.17324,91411.32,8253578.0,1.0,1.0,1.0,18232.01,18232.01,18232.01,5.178493347469923,0.16830337195003287,4.576592261727059,194.74651655120834,3.8650215416286073,10.96832840646919
138,coords_1Kps_040_0003,8453.036,0.7173325,3611.963,3611.803,40.36317,111609.1,9043154.0,1.0,1.0,1.0,3611.803,3611.803,3611.803,5.214580514249174,-0.14675722742276776,4.195581142178756,207.6176434270114,-6.888971923717833,31.925321451113224
139,coords_1Kps_040_0105,13061.66,1.177015,7189.219,7188.586,41.74806,130041.6,11327590.0,1.0,1.0,1.0,7188.586,7188.586,7188.586,5.223484213157228,-0.04060061311371621,4.689230175282614,178.6338844025487,-4.456949285736897,17.026569300882347
140,coords_1Kps_040_0204,205221.5,0.1410331,26253.0,26244.56,0.03951919,1003.262,258502.0,1.0,1.0,1.0,26244.56,26244.56,26244.56,5.0706877947523425,-0.056746340407268114,4.718060287959979,169.7516316453831,10.725222483195338,3.3517120933512294
141,coords_1Kps_041_0003,343719.6,0.03860167,13267.69,13265.54,7.67903,37216.67,4018556.0,1.0,1.0,1.0,13265.54,13265.54,13265.54,5.460093347955711,-0.10473824062772108,3.8978134461779996,109.62145822975594,3.8367187592286385,26.427177179359894
142,coords_1Kps_041_0102,203108.0,0.4965634,69174.4,69115.81,1.246286,11369.78,1721705.0,1.0,1.0,1.0,69115.81,69115.81,69115.81,5.05935029333032,0.06608746315604686,4.258688847735416,127.99915142346386,6.517570845871731,37.677953115487426
143,coords_1Kps_042_0001,1640.055,4.456187,1349.004,1348.982,16.44372,70878.23,7135294.0,1.0,1.0,1.0,1348.982,1348.982,1348.982,5.073263986332282,0.15650706815949222,4.3765130928657126,197.32269921234496,-7.542916899443853,14.345476333225449
144,coords_1Kps_042_0208,208.5212,14.30148,195.3861,195.3857,0.2442832,3178.862,585190.3,1.0,1.0,1.0,195.3857,195.3857,195.3857,5.177983728813208,0.047889315568947044,4.2614872389871135,163.86745668730555,2.0373297422599705,5.187699203887501
145,coords_1Kps_042_0305,125962.4,0.2995052,29919.31,29908.34,8.295515,37934.66,4045472.0,1.0,1.0,1.0,29908.34,29908.34,29908.34,5.497188011109126,0.06696029956700222,4.264807708214991,228.31921815007044,6.3558443828102895,25.41482069028102
146,coords_1Kps_042_0409,14520.07,0.1619368,2093.108,2093.054,0.0008193107,57.63532,25961.53,0.9476351,1.0,1.0,1983.452,2093.054,2093.054,5.293251636527586,0.16186820193609153,4.545677292246999,189.23621882216833,-6.065380573901109,5.983198196563462
147,coords_1Kps_042_0611,14505.49,1.778673,9415.886,9414.799,49.06988,141422.3,11924610.0,1.0,1.0,1.0,9414.799,9414.799,9414.799,5.085841987685301,-0.06822541556662154,4.75000157185016,194.41346525214863,-5.37814541380304,13.220407729966844
148,coords_1Kps_042_0710,7390.56,1.038227,3837.192,3837.011,35.03276,102205.1,8511325.0,1.0,1.0,1.0,3837.011,3837.011,3837.011,5.356301947206611,0.12047058395588017,4.0027530591363,146.86341114817537,13.111397325064942,13.246754615381127
149,coords_1Kps_043_0001,19997.49,18.39554,19004.25,18999.82,14.10646,49622.05,4476293.0,1.0,1.0,1.0,18999.82,18999.82,18999.82,5.053226910550574,-0.23512858415664306,4.39756469015238,180.4132736465022,-9.965047860660292,25.667769506705977
150,coords_1Kps_043_0208,34328.47,2.700476,25315.54,25307.69,57.95946,160689.9,12956350.0,1.0,1.0,1.0,25307.69,25307.69,25307.69,5.127271288756506,0.1748258049980027,4.455383081792744,212.80369122880666,-5.2264369245100255,12.151710141709362
151,coords_1Kps_043_0307,49665.45,0.1636403,7223.772,7223.132,26.77117,101837.0,9695310.0,1.0,1.0,1.0,7223.132,7223.132,7223.132,5.341336853635837,0.1454619640719974,4.50592363930249,197.92195492909863,-27.623708136211008,55.04222889397625
152,coords_1Kps_043_0405,131686.7,0.7169856,56253.84,56215.09,10.8144,46683.4,4807694.0,1.0,1.0,1.0,56215.09,56215.09,56215.09,5.222106827281716,-0.3510304628628589,4.384391223365567,230.6944963668065,3.2406440402276644,23.92880598580216
153,coords_1Kps_043_0609,4002.244,0.8689892,1900.058,1900.013,0.02381001,634.9465,171844.4,1.0,1.0,1.0,1900.013,1900.013,1900.013,5.150359511293128,-0.12114168825145644,4.478498821203932,217.3136623371584,-2.071721410220931,31.28122357596366
154,coords_1Kps_044_0002,4847.236,0.05958253,282.8661,282.8651,69.74211,184392.8,14532940.0,1.0,1.0,1.0,282.8651,282.8651,282.8651,5.289345746690003,0.0815806787319655,4.641207754059309,196.35233606394985,4.713117630809606,2.5644706754856603
155,coords_1Kps_044_0110,3100.147,0.1458062,408.2413,408.2392,8.153631e-05,12.84358,8857.149,0.2543737,1.0,1.0,103.8453,408.2392,408.2392,5.1091738626756,-0.062461031455656624,4.187996070620442,162.6303495252999,-10.084901200502472,7.57901588104888
156,coords_1Kps_044_0309,4993.152,0.7610307,2206.109,2206.049,42.33904,121805.2,10216610.0,1.0,1.0,1.0,2206.049,2206.049,2206.049,5.182381834407252,0.06486224484044767,4.460895065920068,160.73097168284107,3.9735320860051218,7.156831551213188
157,coords_1Kps_044_0407,45461.18,6.425645,39544.37,39525.22,9.594902e-05,14.27691,9939.522,0.2920745,1.0,1.0,11544.31,39525.22,39525.22,5.056487885784825,-0.04745692616798536,4.480573315599384,169.0591375018805,-14.060975643277146,60.606306237947415
158,coords_1Kps_044_0508,7274.533,0.1174114,791.6927,791.685,0.0004080723,34.25097,17110.29,0.7698584,1.0,1.0,609.4854,791.685,791.685,5.512488297832724,0.05197205842824726,4.38483066192128,197.0045403229019,-3.0323441932989113,10.879038391714309
159,coords_1Kps_044_0611,3964.44,0.07564537,289.1696,289.1686,29.85267,94130.28,8128816.0,1.0,1.0,1.0,289.1686,289.1686,289.1686,5.250565080771141,0.14051708432335985,4.105165486731321,155.22252379114406,-15.237229781265697,27.28698060882393
160,coords_1Kps_045_0005,1521.334,15.18774,1430.762,1430.737,16.82901,58733.21,5389996.0,1.0,1.0,1.0,1430.737,1430.737,1430.737,5.2305706555790845,-0.05623333526453278,4.381451916536915,153.52090012544767,5.230109672866817,2.0836551853970886
161,coords_1Kps_045_0207,24008.63,0.06369039,1491.644,1491.617,37.57725,113647.9,9613367.0,1.0,1.0,1.0,1491.617,1491.617,1491.617,5.491281388541542,0.12771174813339137,3.7628307596816333,189.29660388085566,25.19113780863219,38.292775061000434
162,coords_1Kps_045_0406,17340840.0,0.004196577,75362.43,75292.9,3.74506e-20,1.298904e-10,2.091609e-05,1.348222e-16,4.676053e-07,0.07253286,1.015115e-11,0.03520736,5461.209,5.335706204924112,-0.11282825858073586,4.399815667201299,153.32078014264914,2.730846904122572,8.772476280561685
163,coords_1Kps_045_0809,9137.594,13.08019,8511.941,8511.053,43.36353,126605.9,10513400.0,1.0,1.0,1.0,8511.053,8511.053,8511.053,5.3111156760127045,-0.04143597458871762,4.5542324036787205,183.97310988280373,-8.58780863885056,10.65659597690276
164,coords_1Kps_046_0002,150989.9,0.02544661,3893.261,3893.076,11.9522,49689.03,4978107.0,1.0,1.0,1.0,3893.076,3893.076,3893.076,5.095513072199553,0.09019707558155776,4.607085591724446,208.18165399061064,-5.2585994642149245,19.374021388539905
165,coords_1Kps_046_0107,8052.22,13.08217,7500.961,7500.271,3.790394e-05,7.387915,5825.666,0.1275537,1.0,1.0,956.6874,7500.271,7500.271,5.264189619565041,0.034123675236994444,4.430714544368493,171.5192720745988,9.490009247032745,0.8859480000204374
166,coords_1Kps_046_0305,3081.928,33.49204,2995.926,2995.816,10.86409,43814.5,4294251.0,1.0,1.0,1.0,2995.816,2995.816,2995.816,5.046082921732424,0.15701148842159451,4.271998603617983,182.1380581796889,-12.800619622816981,24.26329111481427
167,coords_1Kps_046_0406,37062.81,3.44223,28971.05,28960.77,24.97979,81924.22,7276011.0,1.0,1.0,1.0,28960.77,28960.77,28960.77,5.390720499630847,0.10061987805473294,4.3134887091454175,138.47938016765391,3.539130304958718,26.42422674258425
168,coords_1Kps_046_0810,37058.2,0.2710964,8151.001,8150.187,62.18943,167573.6,13347840.0,1.0,1.0,1.0,8150.187,8150.187,8150.187,5.0087875132785875,0.08634636225402526,4.622313695232209,167.942788904634,-4.449913035173154,27.26023940839311
169,coords_1Kps_046_0911,12800.22,4.628069,10598.49,10597.12,16.89664,65855.05,6393361.0,1.0,1.0,1.0,10597.12,10597.12,10597.12,5.353554214068913,0.13424568680210802,4.364280070060239,210.99269520744497,7.963561622885322,10.113963804217425
170,coords_1Kps_047_0001,10920.85,2.820097,8144.286,8143.473,5.050188,28392.93,3318516.0,1.0,1.0,1.0,8143.473,8143.473,8143.473,5.247485660667506,-0.014218589554089167,4.208729629805175,196.5656536804981,3.3539871784503674,12.516033108250939
171,coords_1Kps_047_0203,5122.141,0.1114866,532.2395,532.2361,0.1352961,2059.819,412619.5,1.0,1.0,1.0,532.2361,532.2361,532.2361,5.413379905482424,0.17530570375522725,4.310918983460054,160.73835162635396,-5.034423664647036,26.92026792176814
172,coords_1Kps_047_0406,2513.891,0.3273603,638.5417,638.5367,38.6981,114086.6,9520100.0,1.0,1.0,1.0,638.5367,638.5367,638.5367,5.373010397080748,-0.10383372796060897,4.7230042974070034,197.09544574075036,4.374806106117859,0.2777416258922495
173,coords_1Kps_047_0507,4188.196,0.2056107,737.8798,737.8731,30.54875,93812.88,8224840.0,1.0,1.0,1.0,737.8731,737.8731,737.8731,5.220457369434734,0.11115789119351227,4.466510517773466,147.77445526416915,0.7926484613514475,0.4767228593508668
174,coords_1Kps_048_0001,24591.26,0.3545264,6625.016,6624.478,178.1599,464343.9,36495620.0,1.0,1.0,1.0,6624.478,6624.478,6624.478,5.33459779055768,0.23887834262886054,4.34482805463001,209.15616576910605,-2.437746052395042,24.293587557430225
175,coords_1Kps_048_0208,13069.8,2.60582,9547.273,9546.156,3.209747,19559.72,2381484.0,1.0,1.0,1.0,9546.156,9546.156,9546.156,5.2066702769855375,-0.05061985440344552,4.338593473854234,165.3971225454493,-1.6913807829515548,24.59058486639278
176,coords_1Kps_048_0307,3949.026,0.002060059,8.443474,8.443473,6.126597e-06,1.717268,1667.203,0.0218143,1.0,1.0,0.1841884,8.443473,8.443473,5.3831604606365095,0.055779057357784545,3.9767118441905014,159.26874364350292,12.220947932622664,5.041898317733189
177,coords_1Kps_048_0409,1990.716,0.1115589,206.9747,206.9742,0.8895498,7690.517,1133034.0,1.0,1.0,1.0,206.9742,206.9742,206.9742,5.15487715946255,0.08765254959966917,4.515591903452413,190.0471603189521,-7.229561631192183,30.116222094845522
178,coords_1Kps_048_0506,64590.35,0.0340563,2209.676,2209.616,13.99111,52564.12,4987655.0,1.0,1.0,1.0,2209.616,2209.616,2209.616,5.284473382463135,0.20735185915881393,4.276820635239717,190.9126813598113,-5.542527484620322,2.98744399407445
179,coords_1Kps_049_0007,6056.593,12.28194,5616.901,5616.514,2.172473,14468.55,1843612.0,1.0,1.0,1.0,5616.514,5616.514,5616.514,5.37110719853885,-0.18368708175632742,4.406757289212217,177.37139527895147,10.632027832889833,17.400767386092436
180,coords_1Kps_049_0102,17590.21,0.4825438,5878.243,5877.82,6.675915,30737.74,3238161.0,1.0,1.0,1.0,5877.82,5877.82,5877.82,5.143111848733202,0.03793415901465513,3.911577056524006,166.67995453882003,-4.197667203118073,1.8161168809494441
181,coords_1Kps_049_0306,296145100.0,0.001771407,544633.7,541023.0,4.75733e-11,0.0004675819,3.150617,1.712639e-07,0.8142391,1.0,0.09265768,440522.1,541023.0,5.3443256874812555,-0.08918342855048333,4.317014520698883,171.36800424690625,-8.958339926657786,20.288317932112523
182,coords_1Kps_049_0405,6027.546,0.9761881,3036.724,3036.611,0.5158489,5291.617,852192.1,1.0,1.0,1.0,3036.611,3036.611,3036.611,5.177762738115271,-0.02046227590634242,4.348357685873516,143.0392164885188,9.75972965442952,15.734339643195643
183,coords_1Kps_049_0507,3686.795,0.2056108,649.5427,649.5375,51.16243,143543.8,11846000.0,1.0,1.0,1.0,649.5375,649.5375,649.5375,5.322406788799506,-0.04280206935317388,4.602747928316846,200.87270623938542,-6.204244739034806,7.250448228947207
184,coords_1Kps_050_0001,18018.88,0.1574089,2535.062,2534.983,3.879657,21417.45,2491125.0,1.0,1.0,1.0,2534.983,2534.983,2534.983,5.210157207289539,0.06116882842481486,4.491407861234631,136.79622853247264,-2.0527168101111357,13.670038483813133
185,coords_1Kps_050_0206,4255.037,0.4825438,1421.936,1421.911,34.06617,106715.9,9177154.0,1.0,1.0,1.0,1421.911,1421.911,1421.911,5.144993823128615,-0.24789751021011375,4.354391474569092,153.24542637336793,-6.761060313330901,14.216804701471206
186,coords_1Kps_050_0305,72905.94,0.07876163,5520.305,5519.932,11.78859,48162.4,4777429.0,1.0,1.0,1.0,5519.932,5519.932,5519.932,5.129658040806825,-0.020589414413166196,4.645488242305645,162.9927289801067,1.2346851391983762,1.531059430436979
187,coords_1Kps_050_0407,1707.592,0.7333214,738.8761,738.8694,44.33902,125786.6,10373700.0,1.0,1.0,1.0,738.8694,738.8694,738.8694,5.2387923322525936,0.12513142503553576,4.422976980275841,210.2435012640247,11.88999144379352,8.189706648461692
188,coords_1Kps_051_0005,1170482.0,0.03889992,45516.5,45491.13,1.741071e-13,8.843159e-06,0.1472745,6.267856e-10,0.03133396,1.0,2.851319e-05,1425.417,45491.13,5.138227877730504,-0.01603621255435561,4.330525276897709,176.0645689061104,-19.502589732474945,24.13850874992117
189,coords_1Kps_051_0104,2859.629,0.3663658,789.0281,789.0205,10.88873,46025.56,4658758.0,1.0,1.0,1.0,789.0205,789.0205,789.0205,5.22198882200005,-0.048866891397539636,4.39273546796702,155.99557963396188,-7.708377632077244,9.891851452798115
190,coords_1Kps_051_0203,2811.324,2.71107,2075.341,2075.288,7.770288e-05,11.29526,7660.863,0.2440125,1.0,1.0,506.3962,2075.288,2075.288,5.104222850415085,-0.2611439829337785,3.6111722129303465,98.73642521765323,-27.245346271426158,83.0560076053273
191,coords_1Kps_052_0006,2615.526,13.3618,2439.961,2439.888,4.093507,22696.72,2633928.0,1.0,1.0,1.0,2439.888,2439.888,2439.888,5.073969456748641,-0.1377533831959421,4.563431572240894,182.22734790578784,10.04333145158455,18.18706358107591
192,coords_1Kps_052_0104,3612.332,6.592209,3152.552,3152.43,1.161955,8998.018,1235163.0,1.0,1.0,1.0,3152.43,3152.43,3152.43,5.479867347510084,0.1174571542853986,4.210191502999003,175.66826206665496,10.653326711979716,15.575014610047146
193,coords_1Kps_052_0207,4683.079,0.5209909,1645.846,1645.813,47.34266,131114.7,10619050.0,1.0,1.0,1.0,1645.813,1645.813,1645.813,5.3692313097782645,-0.14832877366441544,4.420133085227751,190.93568400089123,-11.181259441366208,22.551323847559612
194,coords_1Kps_052_0305,3420.921,0.06780609,225.3697,225.3691,0.03523714,757.4386,182968.2,1.0,1.0,1.0,225.3691,225.3691,225.3691,5.046507948847889,0.0960829413011619,4.599848989508377,166.07599471218077,1.8092784684211978,13.186484486883456
195,coords_1Kps_053_0004,87876.54,0.08472012,7116.466,7115.845,0.4473414,5646.153,1006988.0,1.0,1.0,1.0,7115.845,7115.845,7115.845,5.322660178764538,-0.038035871966559665,4.212878007419662,232.0011441847317,-2.1295223147709947,49.3162773991713
196,coords_1Kps_053_0107,2870.912,0.2811787,649.6312,649.626,33.00779,93345.26,7876130.0,1.0,1.0,1.0,649.626,649.626,649.626,5.326845710199949,0.12584503183044848,4.240685136570387,172.36433568360394,7.284816148227193,3.381570946859939
197,coords_1Kps_053_0205,3192.92,14.65127,2996.299,2996.189,0.3106875,3615.234,623840.6,1.0,1.0,1.0,2996.189,2996.189,2996.189,5.329619740011084,0.2553296583716822,4.731171935055947,192.61490043211575,0.24249129453278329,3.3606921966606405
198,coords_1Kps_053_0306,21486.61,3.757027,17108.5,17104.92,10.16519,43519.78,4450926.0,1.0,1.0,1.0,17104.92,17104.92,17104.92,5.3459952308263645,-0.20670238262244078,4.575276894705393,189.24071873387004,8.053727170880876,25.90668843983931
199,coords_1Kps_053_0809,2034.113,0.3046544,489.4619,489.4589,9.187929e-05,12.18977,7978.93,0.2816264,1.0,1.0,137.8445,489.4589,489.4589,5.248445999018907,0.17335120877114418,4.040574682074939,199.52476124318537,-2.165532462634971,2.953654768685405
200,coords_1Kps_054_0008,49694.97,0.2710964,10930.47,10929.01,34.09176,104543.9,8898920.0,1.0,1.0,1.0,10929.01,10929.01,10929.01,5.180507801488448,0.10832155083518336,4.410273591832172,160.13276118609178,12.62257170152408,43.24564543984142
201,coords_1Kps_054_0102,6100.327,0.5948553,2331.71,2331.643,2.50796,16463.98,2079487.0,1.0,1.0,1.0,2331.643,2331.643,2331.643,5.246110204133167,0.1771575239436971,4.450984405816876,171.58071666504006,3.904932827150759,3.9739142202164643
202,coords_1Kps_054_0305,94427.21,0.06157531,5683.616,5683.22,0.02772825,779.0737,216074.4,1.0,1.0,1.0,5683.22,5683.22,5683.22,5.192570518555553,-0.06510812259397891,4.460187223752496,170.65057679848192,7.8684237703805024,24.950033492864
203,coords_1Kps_054_0409,5900.233,10.37045,5399.639,5399.281,37.68151,107845.9,8851551.0,1.0,1.0,1.0,5399.281,5399.281,5399.281,5.339426481592868,-0.00047965069073052646,4.322182865017396,149.55796316448885,0.3689451141965492,10.544719768442839
204,coords_1Kps_054_0607,6791.38,10.50253,6221.816,6221.342,56.25365,153241.4,12274600.0,1.0,1.0,1.0,6221.342,6221.342,6221.342,5.583639185414023,0.1166844287328086,4.3348931928053265,195.55891876612634,1.1558590679377545,15.241805414321625
205,coords_1Kps_055_0001,8589.917,9.260901,7782.017,7781.275,0.08585164,1518.035,330800.6,1.0,1.0,1.0,7781.275,7781.275,7781.275,5.252025196939975,-0.05141872915182155,4.178026261486996,199.7843960254621,-1.1135652192482155,10.177604873509644
206,coords_1Kps_056_0007,6695.035,11.82365,6191.571,6191.101,49.31648,133993.6,10771870.0,1.0,1.0,1.0,6191.101,6191.101,6191.101,5.274035154638452,-0.1509522157431622,4.49641897147886,190.14574138482146,-3.3678212953308844,0.045875792038384766
207,coords_1Kps_056_0103,3438.226,4.250745,2804.015,2803.918,21.17419,79041.56,7554349.0,1.0,1.0,1.0,2803.918,2803.918,2803.918,5.13231739665736,0.04119909712865999,4.711008157663707,200.4859006715046,-6.586336730613823,35.1068877287685
208,coords_1Kps_056_0209,6049.748,0.090216,518.9794,518.9761,8.786516,37780.54,3829119.0,1.0,1.0,1.0,518.9761,518.9761,518.9761,5.1534740273340205,0.08369811224665158,4.640085801448075,192.62023954972636,13.540891064350092,9.730681245892098
209,coords_1Kps_056_0405,34327.03,3.086852,26174.66,26166.26,7.847617,46700.75,5738882.0,1.0,1.0,1.0,26166.26,26166.26,26166.26,5.348604536762126,0.012745070246916956,4.58182464218525,183.52196781876722,9.674040783986825,0.4794417952083383
210,coords_1Kps_056_0410,985.5201,0.5125284,342.6868,342.6854,0.8034672,7253.656,1102188.0,1.0,1.0,1.0,342.6854,342.6854,342.6854,5.095378887492791,-0.0839541011071887,4.697617447762746,152.39940114081236,8.26279967409144,19.685299744243427
211,coords_1Kps_056_0508,1360.484,0.1694149,203.8172,203.8167,4.798259,24681.82,2756160.0,1.0,1.0,1.0,203.8167,203.8167,203.8167,5.240805768305175,0.2371108039413352,4.310536305898189,173.70327108244243,0.7851465194517004,3.704062052841779
212,coords_1Kps_056_0611,3713.353,0.7520174,1629.756,1629.724,31.0843,92210.92,7781913.0,1.0,1.0,1.0,1629.724,1629.724,1629.724,5.1361453307249825,0.22529260847805999,4.447783279268489,161.15026971737154,12.67423362708773,1.9293834307653654
213,coords_1Kps_057_0003,9489.753,2.35679,6740.16,6739.604,81.53161,217025.8,17139950.0,1.0,1.0,1.0,6739.604,6739.604,6739.604,5.532257605084649,0.02074399149355033,4.361442753364418,158.74960010271346,5.140082341776036,16.752098877558492
214,coords_1Kps_057_0102,1572.43,0.06780609,103.5914,103.5913,2.794468,17335.81,2140526.0,1.0,1.0,1.0,103.5913,103.5913,103.5913,5.29572953890941,0.0585313908626901,4.667763608349426,207.26019530773036,-6.094562041221792,18.936852662881638
215,coords_1Kps_057_0405,3174.187,0.06682553,206.2874,206.2869,20.74483,83602.13,8324810.0,1.0,1.0,1.0,206.2869,206.2869,206.2869,5.46956518730071,0.21790652920039388,4.196683775548261,162.1626875129513,5.565659132393222,3.497434067330866
216,coords_1Kps_058_0005,1110.973,0.1694149,166.4374,166.4371,11.43823,46428.53,4576145.0,1.0,1.0,1.0,166.4371,166.4371,166.4371,5.147490414020485,0.07485038596566662,4.510007028645191,143.99451040679241,-2.988952083453057,47.85534711071061
217,coords_1Kps_058_0104,705214.0,0.1705384,106244.8,106106.7,12.65026,61769.48,6662491.0,1.0,1.0,1.0,106106.7,106106.7,106106.7,5.214626595982908,-0.0054074270862884966,4.616216361862278,206.48411761079944,2.94821894479945,17.946001984615027
218,coords_1Kps_058_0203,34697.19,0.01434015,509.9168,509.9137,49.59014,148837.9,12619200.0,1.0,1.0,1.0,509.9137,509.9137,509.9137,5.106655270324765,-0.13017403913339054,4.409092732133223,201.26179007352283,3.3066588524570335,12.2248940733746
219,coords_1Kps_059_0003,3102.183,2.713154,2290.516,2290.452,0.08357504,1419.298,298367.7,1.0,1.0,1.0,2290.452,2290.452,2290.452,5.400435495019226,0.2228833603130962,4.353993762198218,200.33740964300088,-0.8744120950119623,9.60109884306667
220,coords_1Kps_059_0107,6338.313,1.228717,3555.918,3555.763,23.81391,82272.45,7459148.0,1.0,1.0,1.0,3555.763,3555.763,3555.763,5.086545595429879,0.058894115265408775,4.134084092813061,175.29968149195886,3.4241386924766744,5.85661087908809
221,coords_1Kps_059_0204,886.5858,9.125868,802.0842,802.0764,30.77399,93955.26,7953991.0,1.0,1.0,1.0,802.0764,802.0764,802.0764,5.27825204541738,-0.25628213212638107,4.434028048858622,166.1640409646358,3.2340548336973995,14.591265860201542
222,coords_1Kps_059_0506,5490.702,44.98959,5375.82,5375.466,7.373118e-06,2.010225,1933.805,0.02619405,1.0,1.0,140.8052,5375.466,5375.466,5.148350000544999,-0.12616372303597068,4.3289084529838755,180.58103504298305,9.1206734824909,10.39656324065669
223,coords_1Kps_060_0005,107922.9,0.5312874,38411.81,38393.74,22.0962,103972.3,11276990.0,1.0,1.0,1.0,38393.74,38393.74,38393.74,5.127194607411832,-0.21077596213761174,4.602979466239341,148.04181796769615,2.3650342489503657,33.43093063840873
224,coords_1Kps_060_0104,3666.645,2.836763,2738.512,2738.42,0.04518953,979.1302,237273.5,1.0,1.0,1.0,2738.42,2738.42,2738.42,5.3583414772553795,0.08719440076434237,4.157974640164367,174.6861957208987,-0.9585816104840319,4.655961817199133
225,coords_1Kps_060_0203,6604.786,12.60927,6136.862,6136.4,15.99067,59314.52,5601886.0,1.0,1.0,1.0,6136.4,6136.4,6136.4,5.175617675779183,-0.01905631029539867,4.567427595408602,171.4819685445637,6.656699998282733,18.280592327964744
226,coords_1Kps_061_0002,4136.42,9.662313,3762.08,3761.906,34.61455,104316.0,8861056.0,1.0,1.0,1.0,3761.906,3761.906,3761.906,5.233720304681383,0.23546556041554112,4.493880217522714,191.48115724165768,-3.8520803960035863,2.6876718035565546
227,coords_1Kps_061_0103,5415.899,1.467236,3271.917,3271.786,48.1731,128473.1,10194080.0,1.0,1.0,1.0,3271.786,3271.786,3271.786,5.230381779947448,-0.12995824788660615,4.524251214452509,198.1012079907912,5.7940493725469935,10.633965047215352
228,coords_1Kps_062_0003,3699.595,0.4613701,1199.662,1199.644,10.43354,43064.55,4276037.0,1.0,1.0,1.0,1199.644,1199.644,1199.644,5.249236317222583,0.05078402701157625,4.462785901903204,181.58236292110857,7.144620279512196,8.768937761176149
229,coords_1Kps_062_0105,8593.401,29.08296,8318.408,8317.561,2.541651e-05,4.907684,3874.049,0.08743818,1.0,1.0,727.2724,8317.561,8317.561,5.218833949074722,0.0034564700421633177,4.140482567545722,187.2108158793199,-10.232970823991579,18.112949841548346
230,coords_1Kps_062_0204,74886750.0,0.002060059,160116.5,159803.0,1.336791e-16,5.263082e-08,0.002624893,4.812448e-13,0.000189453,0.9999213,7.690437e-08,30.27516,159790.4,5.3439324500894,0.171957456027652,3.9085722101523523,161.71821405637735,-34.187717437135646,45.048004747047166
231,coords_1Kps_063_0001,3153.363,3.281343,2438.796,2438.724,28.04418,87140.36,7621730.0,1.0,1.0,1.0,2438.724,2438.724,2438.724,5.243284391685149,-0.03324519981720497,4.73321422926588,177.6292104147489,3.6481962859281083,14.9536255381614
232,coords_1Kps_063_0203,3166.132,16.30264,2989.811,2989.701,17.80177,65275.27,6168122.0,1.0,1.0,1.0,2989.701,2989.701,2989.701,5.253677716787129,0.1170184444195348,4.47953934804964,188.47520258281793,-35.421064808410605,68.88409914951731
233,coords_1Kps_063_0205,730938.0,1.717939,468657.2,465981.1,3.609236e-12,8.674384e-05,0.9287438,1.299325e-08,0.2682218,1.0,0.00605461,124986.3,465981.1,5.239922484077862,-0.055266792048157765,4.7663715246527945,171.79436343390324,-2.8138360456857328,1.4409013703100224
234,coords_1Kps_063_0409,76211.13,0.3021493,18223.7,18219.63,5.984832e-09,0.01493058,47.07514,2.154516e-05,1.0,1.0,0.3925449,18219.63,18219.63,5.055330789221223,-0.031802014903316245,4.204582067753583,214.76963505838123,19.325619091950358,41.21389361019642
235,coords_1Kps_063_0506,9494.642,4.59614,7852.115,7851.36,8.209462e-05,13.73869,9839.336,0.2558708,1.0,1.0,2008.934,7851.36,7851.36,5.311261171750621,-0.14549529062553868,4.501572161859177,182.85595038667026,-4.430292239614957,28.29183142251471
236,coords_1Kps_063_0708,4451.122,0.9560094,2219.266,2219.206,13.53481,55219.95,5502752.0,1.0,1.0,1.0,2219.206,2219.206,2219.206,5.193041025193324,0.0052298048808494535,3.856410911057716,206.89668851719455,-10.425269697821605,14.626724553069202
237,coords_1Kps_064_0010,5649.335,0.9206359,2763.438,2763.345,124.2927,306482.9,23266470.0,1.0,1.0,1.0,2763.345,2763.345,2763.345,5.196722054317857,-0.06200791859423305,4.623906285658941,174.9660138491523,9.585050506599003,24.81455907499403
238,coords_1Kps_064_0104,7226.007,0.5413886,2603.156,2603.073,42.26702,120258.4,9874652.0,1.0,1.0,1.0,2603.073,2603.073,2603.073,5.140792191829819,-0.1102256154147927,4.530551597449255,188.94092011727793,-5.18705636995162,3.0058116996299042
239,coords_1Kps_064_0205,14392.42,0.1435024,1869.202,1869.159,7.374805,34348.24,3647584.0,1.0,1.0,1.0,1869.159,1869.159,1869.159,5.179497925919499,0.04603092651256757,4.339266521706174,202.12622025899316,1.1637860247739837,2.392508998117177
240,coords_1Kps_064_0608,4635.917,2.832047,3460.974,3460.827,20.99984,71761.89,6478446.0,1.0,1.0,1.0,3460.827,3460.827,3460.827,5.06111300602002,-0.18070904612940275,4.379988582076129,197.9252374591099,-11.229664744328502,8.266937610297587
241,coords_1Kps_064_0709,1730.663,5.605299,1477.277,1477.25,0.4936674,5259.488,855243.4,1.0,1.0,1.0,1477.25,1477.25,1477.25,5.417097088746788,-0.19832919626488454,4.344270881244055,187.289582769628,-1.289876754850937,5.083757001687321
242,coords_1Kps_065_0002,606.7769,0.2595748,128.9951,128.9949,36.67329,101773.5,8141500.0,1.0,1.0,1.0,128.9949,128.9949,128.9949,5.092622417733081,0.09516825143374952,4.289396687636421,135.29910181123427,6.528365257616869,7.0023973452981245
243,coords_1Kps_065_0103,4135.525,24.95575,3982.112,3981.918,34.82509,102739.8,8573131.0,1.0,1.0,1.0,3981.918,3981.918,3981.918,5.3273146037302315,-0.06279599269949365,4.497783646775662,179.343134929902,-6.4152089385843,0.5503333558803434
244,coords_1Kps_066_0003,24095.23,0.09903735,2250.255,2250.193,89.78091,267448.8,22939730.0,1.0,1.0,1.0,2250.193,2250.193,2250.193,5.160728693364624,-0.04897295346468411,4.271879034364853,203.58053048164817,9.346344630133586,10.099911711873844
245,coords_1Kps_066_0107,1488.108,10.50374,1363.32,1363.297,8.165084e-05,11.31911,7537.602,0.2546811,1.0,1.0,347.206,1363.297,1363.297,5.31736834243476,0.050783636346763306,4.45122385322127,197.47611682904963,-5.403536265550997,8.37425748762163
246,coords_1Kps_066_0205,23495.58,0.1435024,3051.466,3051.352,0.1946743,2682.734,500179.4,1.0,1.0,1.0,3051.352,3051.352,3051.352,5.259565727651689,0.0666318926023699,4.043756516510981,160.28938215476728,-5.409986364142753,5.8384005222254105
247,coords_1Kps_066_0406,4218.591,0.2103036,757.1539,757.1468,70.61595,187691.7,14841660.0,1.0,1.0,1.0,757.1468,757.1468,757.1468,5.2292901179902085,-0.09874028807918833,4.438238461273232,162.04380111575352,-1.2119795060992118,24.22186231122483
248,coords_1Kps_066_0809,20348.92,0.1391803,2573.265,2573.184,35.36413,115263.5,10128160.0,1.0,1.0,1.0,2573.184,2573.184,2573.184,4.966997937031069,0.09940038797259998,4.78594223626341,193.28945563938072,-9.771337335413392,32.809105989380434
249,coords_1Kps_067_0006,65098.17,1.963923,43703.33,43679.94,0.009826656,389.3059,130771.5,1.0,1.0,1.0,43679.94,43679.94,43679.94,5.328843939528573,-0.09536326746490476,4.574541691265804,182.23483794027325,0.8576787716437195,10.716655584207286
250,coords_1Kps_067_0102,3779.719,15.18774,3554.696,3554.541,33.67537,99045.31,8285178.0,1.0,1.0,1.0,3554.541,3554.541,3554.541,5.12010069927716,-0.12727285437803904,4.5059606291305965,190.00416433085715,8.349937336194245,29.04512985050417
251,coords_1Kps_067_0304,7441.464,0.5413935,2680.789,2680.701,2.823985,18281.03,2298028.0,1.0,1.0,1.0,2680.701,2680.701,2680.701,5.1226017456940625,0.099165228846259,4.6411591147632505,183.59185330098728,-5.98450914261997,17.044785097492632
252,coords_1Kps_067_0507,1713.94,15.16589,1611.763,1611.731,18.17126,62355.98,5672169.0,1.0,1.0,1.0,1611.731,1611.731,1611.731,5.26299811947761,0.040695532840179904,3.9367879857711725,222.28225788300244,-5.556310091569685,30.65457767537404
253,coords_1Kps_068_0007,64576.1,0.02459803,1610.948,1610.916,44.71031,125156.4,10203820.0,1.0,1.0,1.0,1610.916,1610.916,1610.916,5.051704099084655,0.05091110255459874,4.331664364072893,145.00967392268996,7.082408562361934,1.3223393770660028
254,coords_1Kps_068_0106,8739.523,0.7315534,3776.421,3776.246,4.915944,25053.2,2773990.0,1.0,1.0,1.0,3776.246,3776.246,3776.246,5.347773105381465,-0.04656926195118194,4.093509152298308,152.23799374847266,-7.0800609741853435,4.474144210141984
255,coords_1Kps_068_0204,5727.097,14.89961,5379.944,5379.589,82.14897,214406.7,16862310.0,1.0,1.0,1.0,5379.589,5379.589,5379.589,5.488602332696145,0.001397142233154014,4.455746769226792,181.43488057673915,8.49304823689404,13.641808477651296
256,coords_1Kps_068_0305,1815.314,0.1619368,261.6824,261.6816,0.04538197,975.5256,232552.3,1.0,1.0,1.0,261.6816,261.6816,261.6816,5.42622759019073,0.21359285393690097,4.336083881329442,213.16925339445422,3.878969877248238,1.168193182473212
257,coords_1Kps_069_0001,3267.569,0.5472169,1185.212,1185.194,0.002631945,139.2195,54473.58,0.9999233,1.0,1.0,1185.103,1185.194,1185.194,5.179338363435811,0.008331741958323313,4.554630144631641,186.05422677591287,3.0278775491284904,13.504952312000547
258,coords_1Kps_069_0204,4479.32,0.5850637,1694.597,1694.561,3.028509,17219.75,2003922.0,1.0,1.0,1.0,1694.561,1694.561,1694.561,5.154619691095203,0.11196656632050583,4.514599629410675,191.6144881227317,-19.132258958277518,13.159556509609903
259,coords_1Kps_069_0308,10241.55,12.60927,9515.975,9514.865,43.72409,119581.6,9637747.0,1.0,1.0,1.0,9514.865,9514.865,9514.865,5.1678533170792775,-0.2505353040884559,4.57865793496383,185.63052088335056,0.9663606781865326,10.078091092567744
260,coords_1Kps_069_0609,8383.809,12.60927,7789.848,7789.105,50.01318,135256.0,10815450.0,1.0,1.0,1.0,7789.105,7789.105,7789.105,5.1917659516307975,0.05334092506866828,4.280062796998429,176.39101399177758,8.816371693373313,31.35116279360818
261,coords_1Kps_070_0008,5493.143,0.9206359,2687.035,2686.947,30.09585,91207.98,7785174.0,1.0,1.0,1.0,2686.947,2686.947,2686.947,5.273143314194666,0.15526873401980446,4.602889174733083,200.6165949557585,6.140487941835616,4.770322515307098
262,coords_1Kps_070_0102,10283.3,29.08296,9954.228,9953.014,1.497599e-06,0.645745,801.3117,0.005376848,1.0,1.0,53.51585,9953.014,9953.014,5.381361707281128,0.029443063841188444,4.431012453923482,164.16519391404546,4.222575728209179,11.192490932602114
263,coords_1Kps_070_0306,4459.693,13.09765,4154.716,4154.504,72.55057,190902.8,15016920.0,1.0,1.0,1.0,4154.504,4154.504,4154.504,5.205358885174412,0.04955013759658966,4.652969715337722,174.6858036692481,-1.9453623268954061,9.454243722860468
264,coords_1Kps_070_0412,4955.793,9.756123,4511.227,4510.977,1.143906,9313.502,1323151.0,1.0,1.0,1.0,4510.977,4510.977,4510.977,5.235633887598494,0.23500887266286163,4.5892373918931275,188.00542640938482,3.2477662107084484,8.117500965959875
265,coords_1Kps_070_0509,11030.82,11.80838,10200.31,10199.04,48.24123,132612.8,10755240.0,1.0,1.0,1.0,10199.04,10199.04,10199.04,5.210563877453305,-0.03803372423041074,4.04129238121297,188.79683693168909,4.811471531626054,2.21310119197392
266,coords_1Kps_070_0711,7321.992,14.82426,6876.044,6875.464,54.32096,146782.2,11787580.0,1.0,1.0,1.0,6875.464,6875.464,6875.464,5.116616353592152,-0.006700071146810149,4.4025698206786,174.49594883511028,6.930360975249073,13.888732687384815
267,coords_1Kps_070_1013,9695.434,0.06682553,630.097,630.0922,44.41254,128613.3,10799210.0,1.0,1.0,1.0,630.0922,630.0922,630.0922,5.06934360603768,0.04859593617029745,4.67419955794838,189.71697183811162,-4.861394900942145,8.87445077641514
268,coords_1Kps_071_0002,735.5388,1.980461,495.1592,495.1562,0.1295253,2042.24,417483.7,1.0,1.0,1.0,495.1562,495.1562,495.1562,5.340268827293174,0.10905829285661595,4.369261360101384,187.28577800454508,-14.88852497751681,37.335063351344935
269,coords_1Kps_071_0103,3507.443,14.89961,3294.836,3294.703,17.81238,61998.17,5650939.0,1.0,1.0,1.0,3294.703,3294.703,3294.703,5.549540772164871,0.17813555591093877,4.377976802528195,185.87577894091066,-8.70421558034603,3.7747978550500054
270,coords_1Kps_071_0405,34803.0,14.60845,32653.93,32640.87,0.002557848,137.5956,54288.21,0.9998998,1.0,1.0,32637.6,32640.87,32640.87,5.287913506691488,-0.15184494772539736,4.215563433777269,171.17007288185735,-0.30885156421004467,6.470140465051174
271,coords_1Kps_072_0005,3446.044,1.001387,1758.095,1758.057,58.5706,152122.0,11889660.0,1.0,1.0,1.0,1758.057,1758.057,1758.057,5.428762805425012,-0.18825916501448337,4.430574495881121,194.1726419074634,1.3687018069818038,1.7840666165935866
272,coords_1Kps_072_0107,16165.66,0.1748893,2488.028,2487.952,142.6129,366878.0,28668880.0,1.0,1.0,1.0,2487.952,2487.952,2487.952,5.449706093132944,0.024207479622839756,4.51758467181856,184.94459319553158,9.820829932253176,32.38135166262697
273,coords_1Kps_072_0203,2322.029,27.65045,2244.003,2243.942,16.47016,57320.26,5265546.0,1.0,1.0,1.0,2243.942,2243.942,2243.942,5.260901154154272,-0.037878059853423185,4.355050896183649,160.48505087618616,1.5825223376606203,33.32495484702239
274,coords_1Kps_072_0406,14870.96,1.240796,8378.71,8377.849,17.10589,69721.49,6909471.0,1.0,1.0,1.0,8377.849,8377.849,8377.849,5.345539871799,-0.23278779050266607,4.307660924974251,174.0500937575465,3.3632623711535246,23.354463969291437
275,coords_1Kps_072_0407,5400.181,0.9761881,2720.652,2720.561,2.046856,14202.85,1846329.0,1.0,1.0,1.0,2720.561,2720.561,2720.561,5.243595588520984,-0.030187322559070306,4.622661370060541,177.12980429722478,10.093122252526385,9.451090317100036
276,coords_1Kps_073_0007,5154.937,0.8753543,2456.679,2456.605,0.04066498,931.6719,231918.9,1.0,1.0,1.0,2456.605,2456.605,2456.605,5.375877044677119,0.16399898083103182,4.5610875464904215,161.44923262116498,-3.1167440218005424,10.447461940812227
277,coords_1Kps_073_0110,6269.989,13.3618,5849.122,5848.703,39.89749,111411.3,9071697.0,1.0,1.0,1.0,5848.703,5848.703,5848.703,5.08768541326699,-0.02024319101087446,4.6084845810988675,175.88473978604003,2.1647032269905395,1.176759445445684
278,coords_1Kps_073_0203,600.2485,38.5135,585.6292,585.625,0.3693197,4318.286,750727.2,1.0,1.0,1.0,585.625,585.625,585.625,5.253407719343256,-0.06351944628765915,4.387465223765767,201.039192691518,-6.97577827522737,12.953076176405759
279,coords_1Kps_073_0405,7844.653,18.39564,7455.022,7454.341,40.81951,121636.1,10349760.0,1.0,1.0,1.0,7454.341,7454.341,7454.341,5.412435561719458,-0.15087060627093685,4.525696596011519,190.35179711294091,-7.945904884065911,23.213156808364374
280,coords_1Kps_073_0611,9781.148,0.1007858,928.0583,928.0478,57.28482,166523.8,13763380.0,1.0,1.0,1.0,928.0478,928.0478,928.0478,5.054037060800662,-0.02723280245202453,4.293037097236,178.78423994407882,-1.7202331304590217,6.736123889922904
281,coords_1Kps_073_0809,9623.467,0.2351071,1890.907,1890.863,9.999483,41418.17,4164220.0,1.0,1.0,1.0,1890.863,1890.863,1890.863,4.992149804488751,-0.03373018444851095,4.376449181508337,192.4822000219359,0.4205233043191896,3.3466534552652534
282,coords_1Kps_074_0006,71491.3,2.06738,48797.89,48768.73,18.98322,83087.45,8501939.0,1.0,1.0,1.0,48768.73,48768.73,48768.73,5.2581006947740265,-0.055896316666608215,4.037063796910447,133.88071161641352,6.862148691540014,26.21991397073597
283,coords_1Kps_074_0111,5928.437,1.084847,3142.995,3142.874,9.610901,42910.38,4428394.0,1.0,1.0,1.0,3142.874,3142.874,3142.874,5.055552806918984,-0.09149965712293673,4.53008654146364,217.40650084476417,3.6609899060126736,37.58199842713717
284,coords_1Kps_074_0209,42931.33,0.1391803,5428.969,5428.608,125.3785,318818.8,24507720.0,1.0,1.0,1.0,5428.608,5428.608,5428.608,5.221385264111239,-0.1262144649634771,4.420822390472338,201.34433455252534,7.3704352275998986,24.648001542543955
285,coords_1Kps_074_0304,35187.99,0.1099597,3611.433,3611.274,0.1856135,2631.626,503783.9,1.0,1.0,1.0,3611.274,3611.274,3611.274,5.207724879418912,0.03995665172758045,4.202529019795699,207.03293176940082,5.567577180225086,4.886583295318177
286,coords_1Kps_074_0508,49483.44,0.5259897,17498.58,17494.83,39.12212,140517.2,13013710.0,1.0,1.0,1.0,17494.83,17494.83,17494.83,5.211395961067415,-0.19774680265993982,4.2205752813774104,138.69139662936698,8.838851673071517,32.705857881190695
287,coords_1Kps_074_0710,184706.9,0.9798051,93227.5,93121.12,0.06715106,1353.952,311646.0,1.0,1.0,1.0,93121.12,93121.12,93121.12,5.244022731833825,-0.11516243683650185,4.373652844913391,181.81112124511213,0.6743264051850559,18.341759199992833
288,coords_1Kps_075_0008,8619.133,0.2227749,1621.444,1621.411,17.84689,65384.94,6088631.0,1.0,1.0,1.0,1621.411,1621.411,1621.411,5.000327432447525,0.30219380734021195,4.709242276490058,155.69962464127863,4.505147051656195,25.378299176302715
289,coords_1Kps_075_0104,76902.54,0.06789609,5072.608,5072.293,1.501386,15417.14,2538213.0,1.0,1.0,1.0,5072.293,5072.293,5072.293,5.252272125571514,0.04667957577470849,4.175678711207468,210.30234166003265,8.589471732778307,19.719362036288874
290,coords_1Kps_075_0205,70070.93,5.797873,60104.15,60059.92,0.05821005,1193.718,274323.2,1.0,1.0,1.0,60059.92,60059.92,60059.92,5.285518534805377,-0.4685854985259632,4.369270704848811,200.0663746136705,-2.454748731500217,15.531228397874353
291,coords_1Kps_075_0309,5003.169,1.240796,2818.923,2818.825,19.03422,70562.36,6608923.0,1.0,1.0,1.0,2818.825,2818.825,2818.825,5.0241447332055955,-0.06999825143862948,4.46715841376039,196.8776256666667,2.879049300197039,0.6448961519554114
292,coords_1Kps_075_0607,3334.514,0.09903735,311.4104,311.4092,21.65941,80023.99,7625400.0,1.0,1.0,1.0,311.4092,311.4092,311.4092,5.298500807086294,-0.2458631804599789,4.528234182407639,220.1002218077617,13.705189511319958,38.06630245641206
293,coords_1Kps_076_0002,16692.54,0.1403351,2126.173,2126.118,6.582203,32998.64,3656843.0,1.0,1.0,1.0,2126.118,2126.118,2126.118,5.199308564685839,-0.06074546883890797,4.52850396432972,200.19014917544655,7.3107334016935965,6.749609270223951
294,coords_1Kps_076_0105,1990728.0,0.01352021,27606.51,27597.18,0.4709742,6093.45,1108287.0,1.0,1.0,1.0,27597.18,27597.18,27597.18,5.328908006444005,0.09782535181121998,4.2732438979918985,159.3733088223498,-2.5051077860200905,20.50897224933333
295,coords_1Kps_076_0307,12501.33,0.1261474,1450.018,1449.992,71.67898,187961.8,14770430.0,1.0,1.0,1.0,1449.992,1449.992,1449.992,5.133530791602286,0.10122560284435478,4.237653683924042,133.23191833331788,4.037180906111985,48.83154498970968
296,coords_1Kps_076_0406,4718.988,24.95575,4543.931,4543.678,14.83116,56022.73,5312970.0,1.0,1.0,1.0,4543.678,4543.678,4543.678,5.300728266347757,-0.12208519952030716,4.403671312757117,176.59973217516983,4.532562726376625,2.488133476296674
297,coords_1Kps_077_0103,53640.79,1.00701,27441.4,27432.17,0.004639477,232.6278,86836.39,0.9999999,1.0,1.0,27432.17,27432.17,27432.17,5.395856567510741,-0.05499846226210847,4.490094611157987,163.4719783972786,-2.7875733404746654,12.575579204623354
298,coords_1Kps_077_0308,35538.02,2.017805,24069.51,24062.41,11.24558,61586.97,7274926.0,1.0,1.0,1.0,24062.41,24062.41,24062.41,5.167254446761122,0.10147432693752334,4.372861910429598,158.22647480544333,13.258441125850482,33.33118724639597
299,coords_1Kps_077_0409,41051.49,9.076358,37119.53,37102.65,0.07999005,1454.915,318779.9,1.0,1.0,1.0,37102.65,37102.65,37102.65,5.211024008328162,-0.04295601968869356,4.667006121050732,201.7416024327979,3.4147818606161593,37.60123742298281
300,coords_1Kps_077_0508,4000.513,13.09765,3726.937,3726.767,43.55401,124784.4,10305580.0,1.0,1.0,1.0,3726.767,3726.767,3726.767,5.4574377072729785,-0.0392725608419453,4.212511878084141,205.12347036741937,-16.05516705912754,35.24710646034084
301,coords_1Kps_077_0607,58705.17,0.2307045,11360.73,11359.15,0.039458,1017.127,266281.1,1.0,1.0,1.0,11359.15,11359.15,11359.15,5.166466111253557,0.018790639120529473,4.195514679548418,200.54581213459983,-0.3453288671295951,26.26539689702066
302,coords_1Kps_078_0003,1659.455,0.4475711,527.127,527.1236,1.723708,12424.76,1669951.0,1.0,1.0,1.0,527.1236,527.1236,527.1236,5.210003524537191,-0.19133162496057077,4.342751599711869,184.2583634554086,1.7960072942732097,2.443411852255318
303,coords_1Kps_078_0104,9999.012,0.2888501,2310.049,2309.984,28.27773,91399.11,8155748.0,1.0,1.0,1.0,2309.984,2309.984,2309.984,5.13996026684891,-0.09179206532432005,4.744705914780203,200.8935282201095,2.280600703330748,1.111475566736034
304,coords_1Kps_078_0205,7224.712,0.3273603,1835.115,1835.074,35.21505,106565.8,9005715.0,1.0,1.0,1.0,1835.074,1835.074,1835.074,5.229560901867856,0.03670132225278255,4.527937442426187,216.73122786652735,-3.5928306933766976,11.80585101300583
305,coords_1Kps_079_0002,29247.68,2.279415,20571.03,20565.85,5.209951,31755.3,3918386.0,1.0,1.0,1.0,20565.85,20565.85,20565.85,5.157659635782741,0.11592694556244254,3.9959780888469907,153.2693681073945,-21.52144389635413,33.84868984215398
306,coords_1Kps_079_0103,2128471.0,3.432976,1662793.0,1629588.0,1.471015e-09,0.005838796,23.60081,5.295639e-06,1.0,1.0,8.629712,1629588.0,1629588.0,5.263273226710923,0.08261554931126458,4.485937361165448,205.26092120089925,-0.16301377826705732,46.84126918133292
307,coords_1Kps_079_0405,7794.095,0.1748893,1199.575,1199.558,34.38497,100706.8,8459315.0,1.0,1.0,1.0,1199.558,1199.558,1199.558,5.467077830805856,-0.13594546057568202,4.543811457272132,171.21802076885336,-0.008045957900279177,6.727437980052532
308,coords_1Kps_080_0004,22820.64,1.422655,13617.74,13615.47,0.004822363,206.8482,72162.49,1.0,1.0,1.0,13615.47,13615.47,13615.47,5.05897511310692,-0.19159938986549419,4.344375760006724,218.17494466037715,-7.03198044380737,11.77289984865433
309,coords_1Kps_080_0103,2049141000.0,0.0005146958,1096405.0,1081870.0,6.280091e-26,1.124714e-14,1.498201e-08,2.260833e-22,4.048969e-11,5.393376e-05,2.445927e-16,4.380459e-05,58.34933,5.2490744284132695,-0.31858393219040515,4.357152655674232,183.35955911647576,13.477101556255576,33.51597600621462
310,coords_1Kps_080_0205,9412.721,0.7315534,4067.315,4067.112,5.947379,28143.41,3003553.0,1.0,1.0,1.0,4067.112,4067.112,4067.112,5.140033010357837,-0.016970115018761334,3.309981493291389,179.7049444410771,-47.60153143215554,31.27930593626993
311,coords_1Kps_081_0007,22174.24,1.038407,11513.87,11512.24,26.33524,93209.54,8628370.0,1.0,1.0,1.0,11512.24,11512.24,11512.24,5.223954090852736,0.21521506767175191,4.371104236436744,174.34814144611596,-15.27590282634658,22.469947983917006
312,coords_1Kps_081_0104,2049141000.0,0.001478086,3145470.0,3028729.0,6.280091e-26,1.124714e-14,1.498201e-08,2.260833e-22,4.048969e-11,5.393376e-05,6.847451e-16,0.0001226323,163.3508,5.192196220489043,-0.21552667973430273,4.496604708825344,155.82997836392673,-10.212412645322146,17.65033991149556
313,coords_1Kps_081_0203,3571.242,0.4475711,1134.407,1134.392,0.01038303,337.4751,100591.8,1.0,1.0,1.0,1134.392,1134.392,1134.392,5.221511206263518,-0.29858765394215725,3.2266411876303622,174.29103900159166,-31.075881956798725,29.468430236796113
314,coords_1Kps_081_0506,9912.869,0.2341271,1941.242,1941.196,12.04508,49504.66,4951300.0,1.0,1.0,1.0,1941.196,1941.196,1941.196,5.494112614804584,0.14724622455318537,4.366772216219894,193.30797945054522,0.7862443373037706,32.660627599681895
315,coords_1Kps_082_0008,105779.9,1.185368,58406.94,58365.17,6.619278,35018.62,4044836.0,1.0,1.0,1.0,58365.17,58365.17,58365.17,5.329114995652073,0.23910321519419453,4.1353326378358,149.23831107116786,5.215862009780949,24.076758808308178
316,coords_1Kps_082_0102,7579.786,0.2601543,1614.223,1614.191,0.0001043164,14.48786,9551.654,0.3130811,1.0,1.0,505.3728,1614.191,1614.191,5.480796870366602,0.23739914148888408,4.38985798542789,161.85523710502378,1.6960337930309919,39.93015444505584
317,coords_1Kps_082_0306,72109.45,0.4739611,23810.24,23803.29,0.06181057,1239.534,282608.1,1.0,1.0,1.0,23803.29,23803.29,23803.29,5.136122203519754,-0.06373672341278436,4.2582814815633085,185.55007916627,-12.697036183714843,25.512598152831835
318,coords_1Kps_082_0407,2494.922,0.4618632,809.6087,809.6007,0.004627898,187.5093,64362.26,0.9999999,1.0,1.0,809.6006,809.6007,809.6007,5.295401213189413,0.07016348588934118,4.108561727420558,163.4205197200739,3.7129951128546708,1.2571074069728372
319,coords_1Kps_082_0509,15882.93,0.2118288,2867.615,2867.514,5.826579e-06,2.166768,2514.229,0.02075723,1.0,1.0,59.52163,2867.514,2867.514,4.942049281537155,-0.06136103248866842,3.9334481684371085,243.46036652484997,29.475720936209996,54.91697763675841
320,coords_1Kps_083_0002,41156.37,0.2205584,7679.739,7679.017,47.55843,132661.5,10778240.0,1.0,1.0,1.0,7679.017,7679.017,7679.017,5.306498321469195,-0.011066744987443755,4.361884297322088,142.41097943308006,0.6992246565767317,5.29504034403908
321,coords_1Kps_083_0005,38792.55,0.2847103,8863.058,8862.096,8.941764,43146.72,4703023.0,1.0,1.0,1.0,8862.096,8862.096,8862.096,5.175806064925231,-0.012352144882946448,4.546839124556751,203.92417367475844,5.198016913769621,36.93296292596507
322,coords_1Kps_083_0102,9549.137,0.27414,2118.694,2118.639,42.47584,117857.7,9566102.0,1.0,1.0,1.0,2118.639,2118.639,2118.639,5.1328434574187956,0.19968989917635982,4.595337901490487,186.55458911469202,-1.7073330632868107,12.496454045210918
323,coords_1Kps_083_0304,64102.25,0.1890338,10532.68,10531.32,55.48905,152721.2,12312050.0,1.0,1.0,1.0,10531.32,10531.32,10531.32,5.2793775975244275,0.16016988177934266,4.326771212701684,210.454756456351,4.860772799261454,15.305247853398626
324,coords_1Kps_084_0001,8093.119,0.7520174,3551.995,3551.84,46.27799,130467.4,10713110.0,1.0,1.0,1.0,3551.84,3551.84,3551.84,5.314927380412698,-0.18456801069365492,4.321465166593849,209.21606661353917,-4.896940551393698,0.3844436037944988
325,coords_1Kps_084_0210,33263.41,1.424557,19859.95,19855.11,0.08059553,1678.553,396562.4,1.0,1.0,1.0,19855.11,19855.11,19855.11,5.288703652648437,0.05346315425679249,4.303394256810547,187.80651434355582,-5.663755880009546,6.271418499612571
326,coords_1Kps_084_0309,6971.39,22.15741,6681.474,6680.927,33.50094,97547.54,8233716.0,1.0,1.0,1.0,6680.927,6680.927,6680.927,5.262071120352223,-0.20521706238297988,4.66918535555789,190.89855697746697,1.3882039159997106,2.572045593327531
327,coords_1Kps_084_0408,2492.652,44.31569,2439.722,2439.649,1.023413,8454.308,1213024.0,1.0,1.0,1.0,2439.649,2439.649,2439.649,5.185479959011142,-0.09946163025926591,4.361011112477244,190.23765978058867,-4.551361900052314,23.442762200460596
328,coords_1Kps_084_0507,6419.431,8.852362,5790.536,5790.125,1.127181,9370.466,1344312.0,1.0,1.0,1.0,5790.125,5790.125,5790.125,5.2634194274203105,0.15062676407085718,4.467050358136227,196.67331056427273,12.984815344447156,41.47462624443366
329,coords_1Kps_084_0612,40463.83,7.646998,35944.63,35928.8,37.68645,111301.4,9310128.0,1.0,1.0,1.0,35928.8,35928.8,35928.8,5.085281660477415,-0.09396660157761039,4.645674863620462,199.11213218497443,-5.481675173918617,20.464324455609738
330,coords_1Kps_084_1113,9202.709,3.968724,7408.084,7407.411,77.13454,205788.3,16372780.0,1.0,1.0,1.0,7407.411,7407.411,7407.411,5.342784073891432,-0.2162660661594784,4.5840484695463255,174.43512725534825,5.0471657013007984,6.769391677058752
331,coords_1Kps_085_0009,31992.46,0.1403351,4074.964,4074.76,18.81846,66088.85,6045277.0,1.0,1.0,1.0,4074.76,4074.76,4074.76,5.3283352662383106,0.3237723977751741,4.273636549757712,204.01295930631073,4.542789571205034,3.460398095545507
332,coords_1Kps_085_0102,15712.07,0.2351071,3087.25,3087.133,19.89352,69048.24,6358165.0,1.0,1.0,1.0,3087.133,3087.133,3087.133,5.350398740080582,0.01291713374225223,4.349073715272598,163.58384229086386,-1.849963383787511,7.9452906608717315
333,coords_1Kps_085_0305,3485.436,1.053872,1822.654,1822.613,22.26912,75525.46,6830138.0,1.0,1.0,1.0,1822.613,1822.613,1822.613,5.345866795487359,0.0022200062390278497,4.390023544194524,179.81510833895283,4.185630445614706,9.121639770216456
334,coords_1Kps_085_0406,2492.009,0.192633,415.9581,415.956,18.55228,66080.8,6061665.0,1.0,1.0,1.0,415.956,415.956,415.956,5.275649084346216,0.010599360212551368,4.702351467218289,181.72122043239168,-2.2723635093421137,5.503075477198882
335,coords_1Kps_085_0708,5459.707,0.583984,2063.121,2063.069,13.431,52510.26,5070894.0,1.0,1.0,1.0,2063.069,2063.069,2063.069,5.423011629262822,-0.1523622613386011,4.608747072255646,178.38540415956578,0.9107676678220997,22.94145537413269
336,coords_1Kps_086_0007,13228.59,0.5948553,5056.324,5056.011,23.57719,83166.26,7644597.0,1.0,1.0,1.0,5056.011,5056.011,5056.011,5.2625057708373575,-0.0455432333448762,4.36987504524729,182.2970293583416,0.22946166953489922,11.990483607901973
337,coords_1Kps_086_0110,7936.821,0.06780609,522.8764,522.8731,1.432539e-05,2.948835,2405.619,0.05026417,1.0,1.0,26.28178,522.8731,522.8731,5.281051278980517,-0.10162024807219794,4.099805428245226,148.8999269256217,-6.900647193189059,17.88802309843749
338,coords_1Kps_086_0204,5647.498,8.852386,5094.228,5093.91,7.492896,34953.33,3703835.0,1.0,1.0,1.0,5093.91,5093.91,5093.91,5.12097858305692,-0.17492935580493274,4.6894027215314145,162.09370644664523,-7.029647995567601,40.58927165979446
339,coords_1Kps_086_0305,5304.401,1.422778,3165.402,3165.279,9.898115,43226.35,4424768.0,1.0,1.0,1.0,3165.279,3165.279,3165.279,5.172405466833991,-0.19502329628489923,4.403418545947686,190.78720497505793,6.57521117377722,0.0648856847187453
340,coords_1Kps_086_0613,10101.78,0.28885,2333.791,2333.725,25.19234,85301.22,7786057.0,1.0,1.0,1.0,2333.725,2333.725,2333.725,5.340368915813841,-0.082583072946524,4.159264685766703,160.4254155241028,21.632699161560282,24.850029931051704
341,coords_1Kps_086_0709,15355.08,0.9421066,7599.59,7598.882,6.216826e-06,2.002527,2070.421,0.02213199,1.0,1.0,168.1784,7598.882,7598.882,5.177419355951487,-0.11040280823822757,4.491420477795527,186.12638862477434,1.27671291765526,27.11603131408388
342,coords_1Kps_086_0812,1990.751,2.91082,1496.472,1496.445,0.03601118,832.4391,204959.1,1.0,1.0,1.0,1496.445,1496.445,1496.445,5.159147892566705,-0.051346956312433356,4.755256975069512,203.28216959580004,-0.10182397752059558,0.8676834841624427
343,coords_1Kps_086_0911,18128.67,3.968722,14593.39,14590.78,6.012417,36868.19,4602472.0,1.0,1.0,1.0,14590.78,14590.78,14590.78,5.433418273360786,0.007777577332337859,4.0930552133644635,164.33462154823275,-16.757049592306018,17.4099267738185
344,coords_1Kps_087_0004,14516.86,4.625737,12018.82,12017.05,0.000447676,40.98582,21497.54,0.8004387,1.0,1.0,9618.912,12017.05,12017.05,5.287036575652919,-0.16623138875154453,4.445419527791753,171.9801341137868,1.638307848360526,27.036001651319815
345,coords_1Kps_087_0107,9299.911,0.3294149,2373.27,2373.201,22.04568,81109.58,7615024.0,1.0,1.0,1.0,2373.201,2373.201,2373.201,5.107740953567555,-0.08682220269496144,4.015940843845188,135.8897339660998,-21.74265849917532,30.42046044703314
346,coords_1Kps_087_0206,1099.801,4.169436,893.7182,893.7084,9.069962e-06,2.720557,2723.452,0.03212454,1.0,1.0,28.70998,893.7084,893.7084,5.382454930698353,-0.09584780044931351,4.462386384464734,158.26924889590427,-7.633793565978863,16.274302341931975
347,coords_1Kps_087_0305,10297.18,12.37828,9555.036,9553.917,22.10592,76127.94,6950602.0,1.0,1.0,1.0,9553.917,9553.917,9553.917,5.403296500646372,-0.3291602100842024,4.0906325636782634,191.47493902838897,-8.801916114621989,30.12033529036567
348,coords_1Kps_088_0001,7125.028,4.521854,5875.735,5875.312,0.4644319,5775.298,1032117.0,1.0,1.0,1.0,5875.312,5875.312,5875.312,5.291112938673258,-0.308437301694267,4.03035736080884,193.50647328102517,1.5694117298791355,3.3107699501266805
349,coords_1Kps_088_0206,3843.621,4.882013,3211.223,3211.096,2.230555e-05,4.295272,3453.039,0.07716053,1.0,1.0,247.7699,3211.096,3211.096,5.021292447965642,0.07679140089365122,4.374479946842367,195.69574601497794,2.780922318877373,45.30899590763696
350,coords_1Kps_088_0304,35854.67,0.1636405,5215.016,5214.683,44.0664,125140.4,10261770.0,1.0,1.0,1.0,5214.683,5214.683,5214.683,5.177723856986191,0.1279979470774153,4.2512866585941955,185.06018517991896,8.219166846242004,27.523040096840816
351,coords_1Kps_088_0507,7584.625,0.5472169,2751.092,2751.0,0.002002069,114.3758,46584.07,0.999259,1.0,1.0,2748.961,2751.0,2751.0,5.156010022015019,0.14452400866528592,4.430317154349674,144.2454960313254,-0.5577597248282729,3.4732968901967207
352,coords_1Kps_089_0003,771.7095,18.57263,733.7272,733.7206,39.89252,114038.0,9556097.0,1.0,1.0,1.0,733.7206,733.7206,733.7206,5.166906193871213,-0.029502900455365744,4.74279496951165,189.84944391353935,0.6979831495047364,15.402669851115338
353,coords_1Kps_089_0104,78519380.0,12.41953,72877700.0,38497690.0,7.600961e-18,6.798606e-09,0.0005178397,2.736346e-14,2.447468e-05,0.8449834,1.05343e-06,942.2187,32529910.0,5.1370756460533595,-0.11949507071627385,3.9618380441027634,186.06137150935143,21.357275016566433,39.167564695898754
354,coords_1Kps_089_0205,28324.34,0.4102951,8472.043,8471.163,31.7726,96026.06,8249653.0,1.0,1.0,1.0,8471.163,8471.163,8471.163,5.161157248974849,-0.009943548379618417,4.57109080546974,139.9357438210601,9.782393355097483,6.15521098229279
355,coords_1Kps_090_0005,4724.338,0.9560094,2355.488,2355.42,36.79972,104181.0,8545939.0,1.0,1.0,1.0,2355.42,2355.42,2355.42,5.311681095238082,-0.0866595804881185,4.512431896034556,178.944928313616,-0.16805608730301458,2.8770901012104857
356,coords_1Kps_090_0007,29934.2,0.1409144,3826.527,3826.347,46.64272,132151.2,10814060.0,1.0,1.0,1.0,3826.347,3826.347,3826.347,5.261022661990309,0.14509726142981272,4.288569310059155,171.310743000804,1.497676356362021,6.335835055823654
357,coords_1Kps_090_0109,773.7604,9.132951,700.0641,700.0581,0.5211133,5379.549,877075.2,1.0,1.0,1.0,700.0581,700.0581,700.0581,5.348361427305868,-0.01370302545856772,4.352276014690474,140.85012849491198,-0.22876017960567196,8.310967966466478
358,coords_1Kps_090_0206,1119728.0,0.4028052,330611.0,329277.1,3.359144e-09,0.00958128,32.52978,1.209285e-05,1.0,1.0,3.981897,329277.1,329277.1,5.1680250831238785,-0.009539905787415037,4.374947229681751,171.5233173754623,-0.5739816443152392,10.626820817318755
359,coords_1Kps_090_0305,3322.484,8.852362,2996.989,2996.879,2.960457,18352.87,2268941.0,1.0,1.0,1.0,2996.879,2996.879,2996.879,5.114345602289399,-0.18981366356263374,4.34020046961831,202.60491865808,2.0525253123498715,14.148665165030033
360,coords_1Kps_090_0408,18945.14,0.08174741,1484.61,1484.583,3.343773,19524.64,2343027.0,1.0,1.0,1.0,1484.583,1484.583,1484.583,5.022239333908038,0.0934711920697544,4.218650177598281,180.23111215296038,18.211203929206533,29.633258653028467
361,coords_1Kps_091_0001,22103.81,0.3610388,6034.408,6033.962,0.03349165,871.3148,240878.6,1.0,1.0,1.0,6033.962,6033.962,6033.962,5.17726492788861,0.04844955164430731,4.531303637511509,207.83637108616574,0.37500264785965953,28.855162017498355
362,coords_1Kps_091_0203,38223.98,0.2847103,8733.154,8732.219,25.96572,94495.62,8844399.0,1.0,1.0,1.0,8732.219,8732.219,8732.219,5.094938899024795,-0.07726859387414997,4.36481500132764,226.64028376682427,11.121728975476472,58.149131471327145
363,coords_1Kps_092_0001,7176.084,0.2299001,1384.821,1384.797,28.99991,97030.42,8639198.0,1.0,1.0,1.0,1384.797,1384.797,1384.797,5.331155257615349,-0.0019000851305479571,4.046910543434782,194.35983618230955,2.15865142754042,12.233661331454869
364,coords_1Kps_092_0203,3703.712,13.51134,3457.673,3457.526,0.0001982106,20.1526,11397.68,0.5101021,1.0,1.0,1763.691,3457.526,3457.526,5.5506472943394165,0.3183988656426293,4.233297362497112,201.74819541876502,-0.9726851683592201,17.62867672179577
365,coords_1Kps_093_0002,8441.586,10.17567,7712.849,7712.12,41.21606,120006.7,9956384.0,1.0,1.0,1.0,7712.12,7712.12,7712.12,5.492916450029037,0.15520150514859843,4.374966671315908,153.19175814022873,-2.0845413837874815,0.6779766164720747
366,coords_1Kps_093_0103,202098.6,122.7464,200527.9,200036.3,3.564341e-11,0.0003790247,2.634294,1.283163e-07,0.7444888,1.0,0.02566792,148924.8,200036.3,5.077550746393227,0.03871028457108405,4.047546479905482,182.89329847466763,14.148450960422778,13.025483135938558
367,coords_1Kps_094_0004,545819.0,0.7165181,233075.5,232411.7,8.719676e-19,1.383439e-09,0.0001500607,3.139083e-15,4.980368e-06,0.417379,7.295596e-10,1.157496,97003.75,5.239585270552008,-0.015029590228561318,3.7434374343864762,124.66141061387556,-41.43905444591299,86.33600753450732
368,coords_1Kps_094_0102,22908.77,3.281343,17717.54,17713.69,46.76011,150599.9,13524960.0,1.0,1.0,1.0,17713.69,17713.69,17713.69,5.226077064336733,0.17379978599976642,4.732769040535361,170.96865838340557,-3.911158448546047,29.690034062939805
369,coords_1Kps_094_0305,49388.93,0.8742647,23521.85,23515.07,7.2654,38360.04,4393856.0,1.0,1.0,1.0,23515.07,23515.07,23515.07,5.235841790588173,-0.18380390181497352,4.537172740988489,204.5170641387437,-9.283979125330134,30.47251753744252
370,coords_1Kps_095_0003,2443.46,0.5987877,937.7608,937.7501,1.325589,10411.57,1454835.0,1.0,1.0,1.0,937.7501,937.7501,937.7501,5.101742439438103,-0.11461567032545084,4.341022268634544,195.47345746685477,5.117448125587927,6.04382623461936
371,coords_1Kps_095_0102,7965.259,0.5334042,2842.252,2842.153,7.864994e-06,2.148206,2029.931,0.0279169,1.0,1.0,79.34408,2842.153,2842.153,5.179397766972848,0.02321205235782875,4.154207761706828,185.83224155393145,13.17597509579818,17.54346592150094
372,coords_1Kps_096_0106,55967.78,0.06369039,3477.25,3477.102,0.8451742,7981.654,1231777.0,1.0,1.0,1.0,3477.102,3477.102,3477.102,5.230251746582445,-0.22971239927199694,4.18799250426514,177.53179661598594,1.2116423439078972,14.475169126353649
373,coords_1Kps_096_0209,3529.729,1.191339,1953.344,1953.297,0.02212671,602.086,164999.5,1.0,1.0,1.0,1953.297,1953.297,1953.297,5.395542367323214,0.0987182141159324,3.575717996943728,173.47407128367246,3.779140649474755,9.983441360137817
374,coords_1Kps_096_0308,20781.97,4.031117,16779.91,16776.46,10.58928,46530.07,4811892.0,1.0,1.0,1.0,16776.46,16776.46,16776.46,5.2520065184755085,-0.17030160756224344,4.3910888421757,208.75419924942247,11.459472462294556,27.299806150255808
375,coords_1Kps_096_0407,256183400.0,0.001478086,393246.3,391360.4,1.560971e-22,3.78849e-12,1.76925e-06,5.619495999999999e-19,1.363856e-08,0.006349058,2.199248e-13,0.005337594,2484.77,5.116922565940889,-0.16878101008378188,4.619455617992234,167.3598112687741,-7.691856009851307,27.805630480668427
376,coords_1Kps_097_0007,3991.018,0.2601543,849.9439,849.9351,0.01761297,488.947,134057.3,1.0,1.0,1.0,849.9351,849.9351,849.9351,5.316523084633056,-0.09696716229636504,4.602409441651188,227.33522499721306,2.8335869762633337,11.163022924182478
377,coords_1Kps_097_0105,271695.1,0.07569022,19828.57,19823.75,30.77485,106981.4,9692004.0,1.0,1.0,1.0,19823.75,19823.75,19823.75,5.134595144107073,0.05448191659688284,4.238590352003834,184.42651354889534,-6.283156904052291,4.164188970391755
378,coords_1Kps_097_0204,23629.78,2.901099,17748.03,17744.17,7.016961e-06,2.108223,2112.524,0.02494467,1.0,1.0,442.6226,17744.17,17744.17,5.318553400773689,0.2774231409212429,4.615474862010407,167.4922490419704,0.3127935187242912,2.8455817321313113
379,coords_1Kps_097_0306,4497.364,0.2056107,792.3494,792.3417,33.91611,99038.68,8354178.0,1.0,1.0,1.0,792.3417,792.3417,792.3417,5.265422076196881,-0.18509702654700577,4.000474045315411,208.38765790379546,12.57858050880742,19.60199044876743
380,coords_1Kps_098_0003,27315.15,0.1206833,3046.329,3046.216,2.248556,15837.49,2093706.0,1.0,1.0,1.0,3046.216,3046.216,3046.216,5.269213185148956,-0.18936166838195367,3.9672832058538527,171.44642883416918,-1.403807842964497,12.819919893230708
381,coords_1Kps_098_0102,330791.0,4.882013,276365.4,275432.6,8.006644e-08,0.08564153,174.4826,0.0002881976,1.0,1.0,79.37902,275432.6,275432.6,5.205575382001689,0.07383568852502309,4.41916197529919,148.1301732059285,-10.842858046332282,28.60519783050438
382,coords_1Kps_099_0003,25496.83,2.36395,18125.2,18121.18,3.544983e-06,1.248038,1364.978,0.01268085,1.0,1.0,229.792,18121.18,18121.18,5.221522928864903,-0.14424479327887285,4.655202971238874,155.12186987164057,-12.862840938612536,9.320123196984332
383,coords_1Kps_099_0102,163003.7,0.7169856,69631.83,69572.46,0.09829145,1782.579,397791.9,1.0,1.0,1.0,69572.46,69572.46,69572.46,5.22631517801522,0.04084891489094433,3.963426278704451,149.83851805476263,11.807032583867496,9.469349706422541
384,coords_1Kps_099_0406,72009.09,1.001387,36737.44,36720.9,5.784885,33583.32,4042024.0,1.0,1.0,1.0,36720.9,36720.9,36720.9,5.390237246240713,0.02715357761536108,4.369727108662765,165.44500622484014,-1.7520519043008562,43.83013419967001
385,coords_1Kps_099_0507,5594.144,0.01434015,82.21265,82.21257,15.5025,61374.92,5960255.0,1.0,1.0,1.0,82.21257,82.21257,82.21257,5.1834427347862695,0.1460096852659083,4.252749791455526,133.70808252167967,-15.449384636889917,36.58658388383611
386,coords_1Kps_100_0103,265129000.0,0.2016864,45973720.0,29406990.0,9.027036e-15,1.097783e-06,0.02864705,3.249733e-11,0.003944219,1.0,0.0009556485,115987.6,29406990.0,5.273316771548489,0.10482971098618066,4.111391827316512,208.62422669523622,15.114690150937605,34.89205913119366
387,coords_1Kps_100_0405,5366.895,2.07826,3669.385,3669.22,0.0001033276,15.66725,10518.41,0.3106315,1.0,1.0,1139.776,3669.22,3669.22,5.04795347822672,-0.10191019212418206,3.9988430683699017,150.43801769713542,42.619979726864884,54.58246481984877
