index,name,k2,K1,rAC,rcat,kg(473K),kg(673K),kg(873K),pg(473K),pg(673K),pg(873K),reff(Tg=473K),reff(Tg=673K),reff(Tg=873K)
0,coords_1Kps_001_0001,4.154248e+03,3.582236e-01,1.127679e+03,1.127664e+03,1.799087e+01,6.399807e+04,5.905110e+06,1.000000e+00,1.000000e+00,1.000000e+00,1.127664e+03,1.127664e+03,1.127664e+03
1,coords_1Kps_002_0002,7.842454e+03,1.748893e-01,1.207018e+03,1.207000e+03,6.089289e+01,1.626496e+05,1.291530e+07,1.000000e+00,1.000000e+00,1.000000e+00,1.207000e+03,1.207000e+03,1.207000e+03
2,coords_1Kps_002_0103,9.576523e+03,1.026440e+00,4.944847e+03,4.944548e+03,5.152252e-06,1.538175e+00,1.559147e+03,1.837715e-02,1.000000e+00,1.000000e+00,9.086669e+01,4.944548e+03,4.944548e+03
3,coords_1Kps_003_0003,5.906500e+04,5.534943e-01,2.158001e+04,2.157430e+04,2.212001e+01,8.201095e+04,7.720031e+06,1.000000e+00,1.000000e+00,1.000000e+00,2.157430e+04,2.157430e+04,2.157430e+04
4,coords_1Kps_003_0102,2.904114e+03,9.388152e-01,1.434774e+03,1.434749e+03,5.070531e+01,1.385679e+05,1.108968e+07,1.000000e+00,1.000000e+00,1.000000e+00,1.434749e+03,1.434749e+03,1.434749e+03
5,coords_1Kps_004_0007,3.872461e+03,4.196577e-03,1.682952e+01,1.682952e+01,2.077987e-03,9.864317e+01,3.680380e+04,9.994362e-01,1.000000e+00,1.000000e+00,1.682003e+01,1.682952e+01,1.682952e+01
6,coords_1Kps_004_0105,1.768898e+03,1.684243e-01,2.636842e+02,2.636833e+02,1.130033e+01,4.631632e+04,4.558299e+06,1.000000e+00,1.000000e+00,1.000000e+00,2.636833e+02,2.636833e+02,2.636833e+02
7,coords_1Kps_004_0204,2.007933e+04,9.148696e+00,1.816986e+04,1.816582e+04,2.234798e-04,2.264512e+01,1.287438e+04,5.527006e-01,1.000000e+00,1.000000e+00,1.004026e+04,1.816582e+04,1.816582e+04
8,coords_1Kps_004_0306,5.109532e+03,5.941918e+00,4.397925e+03,4.397688e+03,4.849293e+01,1.295962e+05,1.031973e+07,1.000000e+00,1.000000e+00,1.000000e+00,4.397688e+03,4.397688e+03,4.397688e+03
9,coords_1Kps_005_0001,3.974232e+03,1.489961e+01,3.733330e+03,3.733159e+03,2.037695e-02,5.509977e+02,1.496676e+05,1.000000e+00,1.000000e+00,1.000000e+00,3.733159e+03,3.733159e+03,3.733159e+03
10,coords_1Kps_006_0203,4.595885e+03,1.140672e+00,2.493880e+03,2.493803e+03,3.675493e+01,1.044617e+05,8.581536e+06,1.000000e+00,1.000000e+00,1.000000e+00,2.493803e+03,2.493803e+03,2.493803e+03
11,coords_1Kps_006_0407,2.498653e+04,2.660185e+00,1.835334e+04,1.834922e+04,8.831660e-07,4.982146e-01,7.030038e+02,3.174349e-03,1.000000e+00,1.000000e+00,5.824682e+01,1.834922e+04,1.834922e+04
12,coords_1Kps_007_0005,2.364529e+04,2.409931e-01,4.739045e+03,4.738770e+03,1.866926e+01,6.763691e+04,6.378849e+06,1.000000e+00,1.000000e+00,1.000000e+00,4.738770e+03,4.738770e+03,4.738770e+03
13,coords_1Kps_007_0102,1.608319e+04,2.103036e-01,2.886615e+03,2.886513e+03,1.821972e+01,7.454954e+04,7.454709e+06,1.000000e+00,1.000000e+00,1.000000e+00,2.886513e+03,2.886513e+03,2.886513e+03
14,coords_1Kps_007_0306,4.377601e+03,4.431569e+01,4.284645e+03,4.284420e+03,7.485216e-02,1.423984e+03,3.188628e+05,1.000000e+00,1.000000e+00,1.000000e+00,4.284420e+03,4.284420e+03,4.284420e+03
15,coords_1Kps_007_0408,5.357883e+04,1.468900e-01,7.100996e+03,7.100378e+03,3.651544e-02,9.667024e+02,2.580378e+05,1.000000e+00,1.000000e+00,1.000000e+00,7.100378e+03,7.100378e+03,7.100378e+03
16,coords_1Kps_007_0709,6.270052e+03,2.323092e-01,1.220189e+03,1.220171e+03,2.574558e+01,8.568056e+04,7.643523e+06,1.000000e+00,1.000000e+00,1.000000e+00,1.220171e+03,1.220171e+03,1.220171e+03
17,coords_1Kps_008_0001,9.233583e+03,2.836763e+00,6.896297e+03,6.895715e+03,3.135024e-01,3.862339e+03,6.813961e+05,1.000000e+00,1.000000e+00,1.000000e+00,6.895715e+03,6.895715e+03,6.895715e+03
18,coords_1Kps_008_0203,3.302370e+04,1.468900e-01,4.376750e+03,4.376516e+03,4.132874e-02,1.043689e+03,2.709285e+05,1.000000e+00,1.000000e+00,1.000000e+00,4.376516e+03,4.376516e+03,4.376516e+03
19,coords_1Kps_008_0405,5.318861e+03,2.541543e+00,3.859038e+03,3.858855e+03,5.847205e-06,1.720678e+00,1.716228e+03,2.082993e-02,1.000000e+00,1.000000e+00,8.037970e+01,3.858855e+03,3.858855e+03
20,coords_1Kps_009_0002,8.007514e+03,7.801174e-01,3.586920e+03,3.586762e+03,2.329104e+00,1.573002e+04,2.019575e+06,1.000000e+00,1.000000e+00,1.000000e+00,3.586762e+03,3.586762e+03,3.586762e+03
21,coords_1Kps_009_0008,6.903818e+03,1.748893e-01,1.062554e+03,1.062540e+03,2.915170e+01,9.418539e+04,8.296664e+06,1.000000e+00,1.000000e+00,1.000000e+00,1.062540e+03,1.062540e+03,1.062540e+03
22,coords_1Kps_009_0103,6.867284e+03,1.090486e+01,6.310881e+03,6.310393e+03,7.624063e+00,3.624703e+04,3.859195e+06,1.000000e+00,1.000000e+00,1.000000e+00,6.310393e+03,6.310393e+03,6.310393e+03
23,coords_1Kps_009_0408,1.304179e+04,3.673265e-01,3.605314e+03,3.605154e+03,1.523052e-01,2.518927e+03,5.147845e+05,1.000000e+00,1.000000e+00,1.000000e+00,3.605154e+03,3.605154e+03,3.605154e+03
24,coords_1Kps_009_0506,5.310385e+05,2.731666e-03,1.504536e+03,1.504508e+03,5.018000e-03,2.322239e+02,8.218464e+04,1.000000e+00,1.000000e+00,1.000000e+00,1.504508e+03,1.504508e+03,1.504508e+03
25,coords_1Kps_010_0001,1.062459e+04,1.658849e+00,6.726220e+03,6.725666e+03,3.180223e+01,1.006471e+05,8.724123e+06,1.000000e+00,1.000000e+00,1.000000e+00,6.725666e+03,6.725666e+03,6.725666e+03
26,coords_1Kps_010_0212,6.242511e+04,5.376162e-01,2.238803e+04,2.238188e+04,1.119427e+01,6.420400e+04,7.539638e+06,1.000000e+00,1.000000e+00,1.000000e+00,2.238188e+04,2.238188e+04,2.238188e+04
27,coords_1Kps_010_0307,1.706617e+08,5.669210e+00,1.459160e+08,5.233622e+07,2.115786e-14,1.892348e-06,4.230494e-02,7.616831e-11,6.789299e-03,1.000000e+00,3.986362e-03,3.553263e+05,5.233622e+07
28,coords_1Kps_010_0410,7.062930e+03,1.308019e+01,6.579330e+03,6.578799e+03,1.809601e+01,6.465273e+04,5.939965e+06,1.000000e+00,1.000000e+00,1.000000e+00,6.578799e+03,6.578799e+03,6.578799e+03
29,coords_1Kps_010_0506,6.145399e+03,2.713154e+00,4.537493e+03,4.537241e+03,5.224901e+00,2.718115e+04,3.049813e+06,1.000000e+00,1.000000e+00,1.000000e+00,4.537241e+03,4.537241e+03,4.537241e+03
30,coords_1Kps_010_0813,4.181803e+04,1.374234e+00,2.460443e+04,2.459701e+04,2.134569e+00,1.681597e+04,2.406942e+06,1.000000e+00,1.000000e+00,1.000000e+00,2.459701e+04,2.459701e+04,2.459701e+04
31,coords_1Kps_010_0911,2.956057e+03,1.786495e-01,4.632104e+02,4.632078e+02,1.868319e+00,1.302080e+04,1.707677e+06,1.000000e+00,1.000000e+00,1.000000e+00,4.632078e+02,4.632078e+02,4.632078e+02
32,coords_1Kps_011_0001,1.508231e+03,1.614456e+00,9.452942e+02,9.452832e+02,1.187459e-04,1.740139e+01,1.148979e+04,3.478529e-01,1.000000e+00,1.000000e+00,3.288195e+02,9.452832e+02,9.452832e+02
33,coords_1Kps_011_0207,7.535645e+03,1.308019e+01,7.019678e+03,7.019074e+03,2.633149e+01,8.551252e+04,7.541672e+06,1.000000e+00,1.000000e+00,1.000000e+00,7.019074e+03,7.019074e+03,7.019074e+03
34,coords_1Kps_011_0304,7.578943e+02,2.245200e+01,7.267727e+02,7.267662e+02,1.138238e-01,1.890639e+03,3.969724e+05,1.000000e+00,1.000000e+00,1.000000e+00,7.267662e+02,7.267662e+02,7.267662e+02
35,coords_1Kps_011_0506,1.445624e+04,2.466976e-02,3.616579e+02,3.616563e+02,3.823203e+01,1.119441e+05,9.322275e+06,1.000000e+00,1.000000e+00,1.000000e+00,3.616563e+02,3.616563e+02,3.616563e+02
36,coords_1Kps_012_0005,5.970964e+04,1.594839e+00,3.725240e+04,3.723540e+04,2.206009e+02,5.705925e+05,4.440641e+07,1.000000e+00,1.000000e+00,1.000000e+00,3.723540e+04,3.723540e+04,3.723540e+04
37,coords_1Kps_012_0006,1.163451e+04,1.026440e+00,6.007489e+03,6.007047e+03,7.402855e-06,1.881939e+00,1.760468e+03,2.629829e-02,1.000000e+00,1.000000e+00,1.579751e+02,6.007047e+03,6.007047e+03
38,coords_1Kps_012_0106,2.229830e+03,1.465127e+01,2.092517e+03,2.092463e+03,1.205713e-01,1.930241e+03,3.967297e+05,1.000000e+00,1.000000e+00,1.000000e+00,2.092463e+03,2.092463e+03,2.092463e+03
39,coords_1Kps_012_0204,4.327552e+04,2.510160e-02,1.101112e+03,1.101097e+03,5.417274e+01,1.525588e+05,1.241044e+07,1.000000e+00,1.000000e+00,1.000000e+00,1.101097e+03,1.101097e+03,1.101097e+03
40,coords_1Kps_013_0001,1.069012e+04,1.059480e-01,1.061099e+03,1.061085e+03,3.125319e+01,9.617445e+04,8.166820e+06,1.000000e+00,1.000000e+00,1.000000e+00,1.061085e+03,1.061085e+03,1.061085e+03
41,coords_1Kps_013_0203,1.809245e+03,1.391803e-01,2.287917e+02,2.287911e+02,1.577420e+01,5.966058e+04,5.682257e+06,1.000000e+00,1.000000e+00,1.000000e+00,2.287911e+02,2.287911e+02,2.287911e+02
42,coords_1Kps_014_0001,1.026104e+04,3.787199e-01,2.899715e+03,2.899612e+03,2.305933e+01,7.794458e+04,7.008489e+06,1.000000e+00,1.000000e+00,1.000000e+00,2.899612e+03,2.899612e+03,2.899612e+03
43,coords_1Kps_014_0207,3.067351e+03,2.707450e+00,2.263550e+03,2.263488e+03,1.972478e+00,1.372159e+04,1.799936e+06,1.000000e+00,1.000000e+00,1.000000e+00,2.263488e+03,2.263488e+03,2.263488e+03
44,coords_1Kps_014_0306,1.646448e+05,1.351134e+01,1.537074e+05,1.534184e+05,6.853814e-08,7.571667e-02,1.556248e+02,2.467069e-04,1.000000e+00,1.000000e+00,3.784938e+01,1.534184e+05,1.534184e+05
45,coords_1Kps_014_0405,3.317262e+04,2.713154e+00,2.449321e+04,2.448586e+04,1.067295e+00,1.010176e+04,1.588293e+06,1.000000e+00,1.000000e+00,1.000000e+00,2.448586e+04,2.448586e+04,2.448586e+04
46,coords_1Kps_014_0509,2.049141e+09,5.146958e-04,1.096405e+06,1.081870e+06,6.280093e-26,1.124714e-14,1.498201e-08,2.260833e-22,4.048970e-11,5.393377e-05,2.445928e-16,4.380460e-05,5.834933e+01
47,coords_1Kps_014_0810,5.579131e+03,4.628069e+00,4.619482e+03,4.619220e+03,3.865969e+01,1.107955e+05,9.111712e+06,1.000000e+00,1.000000e+00,1.000000e+00,4.619220e+03,4.619220e+03,4.619220e+03
48,coords_1Kps_014_0911,1.199829e+04,1.261474e-01,1.391671e+03,1.391647e+03,9.840042e+01,2.553554e+05,1.992510e+07,1.000000e+00,1.000000e+00,1.000000e+00,1.391647e+03,1.391647e+03,1.391647e+03
49,coords_1Kps_015_0005,5.623702e+02,4.625737e+00,4.655983e+02,4.655956e+02,1.084286e+00,9.325271e+03,1.376118e+06,1.000000e+00,1.000000e+00,1.000000e+00,4.655956e+02,4.655956e+02,4.655956e+02
50,coords_1Kps_015_0106,4.908334e+03,6.425645e+00,4.269511e+03,4.269288e+03,1.521740e+01,5.740172e+04,5.443722e+06,1.000000e+00,1.000000e+00,1.000000e+00,4.269288e+03,4.269288e+03,4.269288e+03
51,coords_1Kps_015_0203,3.173593e+04,3.317261e+00,2.460479e+04,2.459737e+04,1.962856e+01,8.558951e+04,8.779165e+06,1.000000e+00,1.000000e+00,1.000000e+00,2.459737e+04,2.459737e+04,2.459737e+04
52,coords_1Kps_015_0407,6.791190e+03,5.987877e-01,2.606350e+03,2.606267e+03,3.848877e-03,1.708857e+02,6.075327e+04,9.999990e-01,1.000000e+00,1.000000e+00,2.606264e+03,2.606267e+03,2.606267e+03
53,coords_1Kps_016_0003,2.975199e+03,9.756123e+00,2.708305e+03,2.708215e+03,1.235099e-03,7.758896e+01,3.353558e+04,9.882788e-01,1.000000e+00,1.000000e+00,2.676471e+03,2.708215e+03,2.708215e+03
54,coords_1Kps_016_0104,5.471781e+03,1.370228e+01,5.113021e+03,5.112701e+03,1.746315e+01,6.516872e+04,6.148207e+06,1.000000e+00,1.000000e+00,1.000000e+00,5.112701e+03,5.112701e+03,5.112701e+03
55,coords_1Kps_016_0205,8.019667e+03,1.790530e+01,7.610991e+03,7.610282e+03,4.285038e+01,1.178394e+05,9.527395e+06,1.000000e+00,1.000000e+00,1.000000e+00,7.610282e+03,7.610282e+03,7.610282e+03
56,coords_1Kps_017_0001,6.489701e+03,1.790530e+01,6.158991e+03,6.158526e+03,3.444898e+01,1.024837e+05,8.629792e+06,1.000000e+00,1.000000e+00,1.000000e+00,6.158526e+03,6.158526e+03,6.158526e+03
57,coords_1Kps_017_0203,9.090399e+03,9.021600e-02,7.798225e+02,7.798151e+02,3.178007e+01,9.368901e+04,7.966512e+06,1.000000e+00,1.000000e+00,1.000000e+00,7.798151e+02,7.798151e+02,7.798151e+02
58,coords_1Kps_018_0003,3.649154e+03,1.422778e+00,2.177634e+03,2.177575e+03,8.103743e+00,3.683083e+04,3.873414e+06,1.000000e+00,1.000000e+00,1.000000e+00,2.177575e+03,2.177575e+03,2.177575e+03
59,coords_1Kps_018_0106,5.588966e+03,1.313110e+00,3.226551e+03,3.226423e+03,4.482474e+01,1.324050e+05,1.104084e+07,1.000000e+00,1.000000e+00,1.000000e+00,3.226423e+03,3.226423e+03,3.226423e+03
60,coords_1Kps_018_0207,3.500835e+04,1.413551e-01,4.487361e+03,4.487114e+03,5.112241e+01,1.413554e+05,1.142604e+07,1.000000e+00,1.000000e+00,1.000000e+00,4.487114e+03,4.487114e+03,4.487114e+03
61,coords_1Kps_018_0405,3.509421e+03,5.216416e+00,2.963265e+03,2.963157e+03,3.902802e+01,1.182158e+05,1.000196e+07,1.000000e+00,1.000000e+00,1.000000e+00,2.963157e+03,2.963157e+03,2.963157e+03
62,coords_1Kps_019_0004,7.482905e+03,1.202521e+01,6.928927e+03,6.928339e+03,4.085878e-06,1.260293e+00,1.268748e+03,1.460151e-02,1.000000e+00,1.000000e+00,1.011642e+02,6.928339e+03,6.928339e+03
63,coords_1Kps_019_0107,8.684842e+03,4.196577e-03,3.774389e+01,3.774387e+01,1.232367e-04,1.459732e+01,8.859328e+03,3.583114e-01,1.000000e+00,1.000000e+00,1.352406e+01,3.774387e+01,3.774387e+01
64,coords_1Kps_019_0205,7.050089e+04,8.465120e-01,3.300978e+04,3.299643e+04,6.284158e+00,2.968799e+04,3.169733e+06,1.000000e+00,1.000000e+00,1.000000e+00,3.299643e+04,3.299643e+04,3.299643e+04
65,coords_1Kps_019_0308,5.129000e+03,1.857263e+01,4.876559e+03,4.876268e+03,4.085272e+01,1.260732e+05,1.074842e+07,1.000000e+00,1.000000e+00,1.000000e+00,4.876268e+03,4.876268e+03,4.876268e+03
66,coords_1Kps_019_0609,4.307161e+03,5.165343e-01,1.505308e+03,1.505281e+03,9.868793e-02,1.587805e+03,3.237291e+05,1.000000e+00,1.000000e+00,1.000000e+00,1.505281e+03,1.505281e+03,1.505281e+03
67,coords_1Kps_020_0003,1.735105e+03,8.852362e+00,1.565121e+03,1.565091e+03,9.338691e-01,8.052751e+03,1.183236e+06,1.000000e+00,1.000000e+00,1.000000e+00,1.565091e+03,1.565091e+03,1.565091e+03
68,coords_1Kps_020_0105,1.416402e+04,1.516589e+01,1.331963e+04,1.331746e+04,2.168977e+01,7.325820e+04,6.649982e+06,1.000000e+00,1.000000e+00,1.000000e+00,1.331746e+04,1.331746e+04,1.331746e+04
69,coords_1Kps_020_0204,4.196267e+03,9.761881e-01,2.114111e+03,2.114056e+03,3.008462e+00,1.797293e+04,2.172509e+06,1.000000e+00,1.000000e+00,1.000000e+00,2.114056e+03,2.114056e+03,2.114056e+03
70,coords_1Kps_021_0001,3.788469e+04,5.797873e+00,3.249603e+04,3.248310e+04,2.552502e-01,3.202815e+03,5.706969e+05,1.000000e+00,1.000000e+00,1.000000e+00,3.248310e+04,3.248310e+04,3.248310e+04
71,coords_1Kps_021_0305,6.884840e+03,9.206359e-01,3.367800e+03,3.367661e+03,3.456460e+01,1.015939e+05,8.540055e+06,1.000000e+00,1.000000e+00,1.000000e+00,3.367661e+03,3.367661e+03,3.367661e+03
72,coords_1Kps_022_0004,5.513816e+02,6.780609e-02,3.632493e+01,3.632491e+01,2.508234e+00,1.575028e+04,1.957521e+06,1.000000e+00,1.000000e+00,1.000000e+00,3.632491e+01,3.632491e+01,3.632491e+01
73,coords_1Kps_022_0109,3.295866e+02,1.489961e+01,3.096084e+02,3.096072e+02,1.386041e+01,5.020693e+04,4.704432e+06,1.000000e+00,1.000000e+00,1.000000e+00,3.096072e+02,3.096072e+02,3.096072e+02
74,coords_1Kps_022_0206,7.971331e+04,1.052868e+00,4.166587e+04,4.164460e+04,1.327194e-05,3.395851e+00,3.129041e+03,4.665555e-02,1.000000e+00,1.000000e+00,1.942952e+03,4.164460e+04,4.164460e+04
75,coords_1Kps_022_0308,7.458887e+03,1.348313e+01,6.962422e+03,6.961828e+03,5.530938e-06,1.669774e+00,1.690228e+03,1.971445e-02,1.000000e+00,1.000000e+00,1.372486e+02,6.961828e+03,6.961828e+03
76,coords_1Kps_022_0507,4.399605e+03,1.309765e+01,4.098737e+03,4.098531e+03,6.881226e+01,1.821924e+05,1.439979e+07,1.000000e+00,1.000000e+00,1.000000e+00,4.098531e+03,4.098531e+03,4.098531e+03
77,coords_1Kps_023_0001,1.339308e+04,2.103036e-01,2.403793e+03,2.403722e+03,1.759884e+01,6.722411e+04,6.469318e+06,1.000000e+00,1.000000e+00,1.000000e+00,2.403722e+03,2.403722e+03,2.403722e+03
78,coords_1Kps_024_0003,3.909919e+04,1.094586e+00,2.081568e+04,2.081037e+04,2.868015e+01,9.155350e+04,7.976958e+06,1.000000e+00,1.000000e+00,1.000000e+00,2.081037e+04,2.081037e+04,2.081037e+04
79,coords_1Kps_024_0102,4.747421e+04,1.434015e-02,6.976904e+02,6.976845e+02,5.693786e+01,1.569767e+05,1.270221e+07,1.000000e+00,1.000000e+00,1.000000e+00,6.976845e+02,6.976845e+02,6.976845e+02
80,coords_1Kps_025_0001,3.628084e+03,9.132997e+00,3.282531e+03,3.282399e+03,5.851276e-01,5.717861e+03,8.928704e+05,1.000000e+00,1.000000e+00,1.000000e+00,3.282399e+03,3.282399e+03,3.282399e+03
81,coords_1Kps_025_0203,4.195696e+04,2.205584e-01,7.829127e+03,7.828376e+03,3.076071e+01,1.087422e+05,9.985652e+06,1.000000e+00,1.000000e+00,1.000000e+00,7.828376e+03,7.828376e+03,7.828376e+03
82,coords_1Kps_025_0405,5.659994e+03,1.424557e+00,3.379304e+03,3.379164e+03,2.405002e+01,7.969087e+04,7.070857e+06,1.000000e+00,1.000000e+00,1.000000e+00,3.379164e+03,3.379164e+03,3.379164e+03
83,coords_1Kps_026_0001,2.253005e+04,6.523588e+00,1.963612e+04,1.963140e+04,2.966901e+01,9.370880e+04,8.185053e+06,1.000000e+00,1.000000e+00,1.000000e+00,1.963140e+04,1.963140e+04,1.963140e+04
84,coords_1Kps_026_0205,6.419171e+03,3.885668e+00,5.145915e+03,5.145590e+03,3.769433e+01,1.111444e+05,9.435085e+06,1.000000e+00,1.000000e+00,1.000000e+00,5.145590e+03,5.145590e+03,5.145590e+03
85,coords_1Kps_026_0304,3.507219e+03,1.261474e-01,4.067991e+02,4.067971e+02,5.423965e+01,1.480884e+05,1.184189e+07,1.000000e+00,1.000000e+00,1.000000e+00,4.067971e+02,4.067971e+02,4.067971e+02
86,coords_1Kps_027_0004,1.858271e+04,1.748893e-01,2.860031e+03,2.859931e+03,1.613033e+01,6.029610e+04,5.770484e+06,1.000000e+00,1.000000e+00,1.000000e+00,2.859931e+03,2.859931e+03,2.859931e+03
87,coords_1Kps_027_0102,1.774112e+04,1.980461e+00,1.194319e+04,1.194144e+04,1.291657e-04,1.582362e+01,9.737517e+03,3.718626e-01,1.000000e+00,1.000000e+00,4.440576e+03,1.194144e+04,1.194144e+04
88,coords_1Kps_027_0305,2.745395e+04,2.687440e+00,2.022017e+04,2.021516e+04,1.527441e+01,6.839621e+04,7.199869e+06,1.000000e+00,1.000000e+00,1.000000e+00,2.021516e+04,2.021516e+04,2.021516e+04
89,coords_1Kps_027_0306,1.278582e+04,1.403351e-01,1.628563e+03,1.628530e+03,2.181361e-01,3.097903e+03,5.876247e+05,1.000000e+00,1.000000e+00,1.000000e+00,1.628530e+03,1.628530e+03,1.628530e+03
90,coords_1Kps_027_0507,3.434073e+03,4.955570e-02,1.683282e+02,1.683279e+02,3.117084e+01,1.055652e+05,9.590047e+06,1.000000e+00,1.000000e+00,1.000000e+00,1.683279e+02,1.683279e+02,1.683279e+02
91,coords_1Kps_028_0002,1.231690e+04,1.934678e+00,8.228016e+03,8.227186e+03,1.195223e-04,1.625717e+01,1.068383e+04,3.496732e-01,1.000000e+00,1.000000e+00,2.876826e+03,8.227186e+03,8.227186e+03
92,coords_1Kps_028_0103,5.529759e+03,1.090486e+01,5.081726e+03,5.081410e+03,8.057066e+00,3.647271e+04,3.806302e+06,1.000000e+00,1.000000e+00,1.000000e+00,5.081410e+03,5.081410e+03,5.081410e+03
93,coords_1Kps_029_0001,1.908165e+04,7.875888e-02,1.444781e+03,1.444755e+03,2.472439e+01,8.081201e+04,7.139329e+06,1.000000e+00,1.000000e+00,1.000000e+00,1.444755e+03,1.444755e+03,1.444755e+03
94,coords_1Kps_029_0203,1.524178e+04,1.403351e-01,1.941385e+03,1.941339e+03,1.232984e+02,3.202918e+05,2.447795e+07,1.000000e+00,1.000000e+00,1.000000e+00,1.941339e+03,1.941339e+03,1.941339e+03
95,coords_1Kps_030_0205,4.374131e+05,6.349563e-01,1.739790e+05,1.736089e+05,1.269626e-09,4.385217e-03,1.663256e+01,4.570644e-06,9.999999e-01,1.000000e+00,7.935045e-01,1.736089e+05,1.736089e+05
96,coords_1Kps_030_0309,4.395988e+03,1.778673e+00,2.853549e+03,2.853449e+03,6.951271e+01,1.841155e+05,1.470114e+07,1.000000e+00,1.000000e+00,1.000000e+00,2.853449e+03,2.853449e+03,2.853449e+03
97,coords_1Kps_030_0407,5.668293e+03,5.413935e-01,2.042004e+03,2.041953e+03,2.978781e+01,9.191939e+04,7.879797e+06,1.000000e+00,1.000000e+00,1.000000e+00,2.041953e+03,2.041953e+03,2.041953e+03
98,coords_1Kps_030_0608,5.581096e+05,3.219869e+00,4.297800e+05,4.275284e+05,1.646438e-09,5.490228e-03,2.022875e+01,5.927159e-06,1.000000e+00,1.000000e+00,2.534029e+00,4.275284e+05,4.275284e+05
99,coords_1Kps_031_0005,4.733362e+03,7.876163e-02,3.584016e+02,3.584000e+02,4.694122e+01,1.336371e+05,1.096035e+07,1.000000e+00,1.000000e+00,1.000000e+00,3.584000e+02,3.584000e+02,3.584000e+02
100,coords_1Kps_031_0102,5.567079e+05,1.174114e-01,6.058693e+04,6.054198e+04,3.443919e-09,1.080774e-02,3.884844e+01,1.239803e-05,1.000000e+00,1.000000e+00,7.506014e-01,6.054198e+04,6.054198e+04
101,coords_1Kps_031_0304,2.221306e+04,5.022749e-01,7.622465e+03,7.621753e+03,3.627043e-02,8.320593e+02,2.031560e+05,1.000000e+00,1.000000e+00,1.000000e+00,7.621753e+03,7.621753e+03,7.621753e+03
102,coords_1Kps_032_0009,2.838111e+04,3.317261e+00,2.200381e+04,2.199788e+04,5.014872e+01,1.388036e+05,1.121388e+07,1.000000e+00,1.000000e+00,1.000000e+00,2.199788e+04,2.199788e+04,2.199788e+04
103,coords_1Kps_032_0106,3.118476e+04,3.465994e+00,2.441287e+04,2.440557e+04,2.340401e+00,1.789699e+04,2.513389e+06,1.000000e+00,1.000000e+00,1.000000e+00,2.440557e+04,2.440557e+04,2.440557e+04
104,coords_1Kps_032_0211,6.465297e+03,5.858415e-01,2.447943e+03,2.447869e+03,5.315475e+01,1.388151e+05,1.092477e+07,1.000000e+00,1.000000e+00,1.000000e+00,2.447869e+03,2.447869e+03,2.447869e+03
105,coords_1Kps_032_0305,2.957043e+05,6.866190e-02,1.971044e+04,1.970568e+04,2.197854e+00,1.394663e+04,1.734073e+06,1.000000e+00,1.000000e+00,1.000000e+00,1.970568e+04,1.970568e+04,1.970568e+04
106,coords_1Kps_032_0310,7.075277e+02,1.094586e+00,3.766746e+02,3.766728e+02,1.576377e-01,2.708727e+03,5.783646e+05,1.000000e+00,1.000000e+00,1.000000e+00,3.766728e+02,3.766728e+02,3.766728e+02
107,coords_1Kps_032_0412,1.007362e+04,1.786474e-01,1.578509e+03,1.578478e+03,5.882977e-02,1.266389e+03,2.998600e+05,1.000000e+00,1.000000e+00,1.000000e+00,1.578478e+03,1.578478e+03,1.578478e+03
108,coords_1Kps_032_0713,4.569787e+03,9.756123e+00,4.159848e+03,4.159636e+03,3.663842e+00,2.176772e+04,2.639584e+06,1.000000e+00,1.000000e+00,1.000000e+00,4.159636e+03,4.159636e+03,4.159636e+03
109,coords_1Kps_032_0810,4.732509e+05,2.542808e-01,9.898598e+04,9.886606e+04,6.064530e+01,1.618961e+05,1.281585e+07,1.000000e+00,1.000000e+00,1.000000e+00,9.886606e+04,9.886606e+04,9.886606e+04
110,coords_1Kps_033_0001,5.579815e+03,3.294149e-01,1.423928e+03,1.423903e+03,3.009033e+01,9.171683e+04,7.789987e+06,1.000000e+00,1.000000e+00,1.000000e+00,1.423903e+03,1.423903e+03,1.423903e+03
111,coords_1Kps_034_0003,1.218432e+08,6.349563e-01,4.846258e+07,3.040582e+07,1.326566e-16,3.778721e-08,1.478987e-03,4.775639e-13,1.360247e-04,9.951285e-01,1.452072e-05,4.135942e+03,3.025770e+07
112,coords_1Kps_034_0105,7.765760e+03,5.413935e-01,2.797617e+03,2.797521e+03,4.077510e+01,1.143075e+05,9.326470e+06,1.000000e+00,1.000000e+00,1.000000e+00,2.797521e+03,2.797521e+03,2.797521e+03
113,coords_1Kps_034_0204,1.059321e+04,1.391807e-01,1.339589e+03,1.339567e+03,1.716998e+01,6.507869e+04,6.198210e+06,1.000000e+00,1.000000e+00,1.000000e+00,1.339567e+03,1.339567e+03,1.339567e+03
114,coords_1Kps_035_0008,5.034261e+03,5.472169e-01,1.826026e+03,1.825985e+03,5.675498e-02,1.167907e+03,2.745544e+05,1.000000e+00,1.000000e+00,1.000000e+00,1.825985e+03,1.825985e+03,1.825985e+03
115,coords_1Kps_035_0105,8.091590e+02,2.708180e-01,1.778330e+02,1.778326e+02,1.740582e-02,4.691080e+02,1.291045e+05,1.000000e+00,1.000000e+00,1.000000e+00,1.778326e+02,1.778326e+02,1.778326e+02
116,coords_1Kps_035_0203,2.607186e+04,3.787199e-01,7.367768e+03,7.367103e+03,1.888927e+01,6.885889e+04,6.445591e+06,1.000000e+00,1.000000e+00,1.000000e+00,7.367103e+03,7.367103e+03,7.367103e+03
117,coords_1Kps_035_0409,7.074082e+03,8.462569e+00,6.352387e+03,6.351892e+03,6.492691e-06,1.878025e+00,1.862268e+03,2.310264e-02,1.000000e+00,1.000000e+00,1.467455e+02,6.351892e+03,6.351892e+03
118,coords_1Kps_035_0607,1.877188e+03,1.619368e-01,2.706018e+02,2.706009e+02,1.155493e-01,1.841739e+03,3.748486e+05,1.000000e+00,1.000000e+00,1.000000e+00,2.706009e+02,2.706009e+02,2.706009e+02
119,coords_1Kps_036_0004,6.063790e+03,1.038227e+00,3.148330e+03,3.148209e+03,3.342125e+01,9.867569e+04,8.288277e+06,1.000000e+00,1.000000e+00,1.000000e+00,3.148209e+03,3.148209e+03,3.148209e+03
120,coords_1Kps_036_0107,2.492270e+04,1.052868e+00,1.302701e+04,1.302493e+04,2.372686e-06,9.432288e-01,1.102011e+03,8.505293e-03,1.000000e+00,1.000000e+00,1.107809e+02,1.302493e+04,1.302493e+04
121,coords_1Kps_036_0205,5.597459e+07,5.334042e-01,1.997347e+07,1.604612e+07,1.221790e-10,9.266762e-04,5.359355e+00,4.398442e-07,9.644222e-01,1.000000e+00,7.057792e+00,1.547523e+07,1.604612e+07
122,coords_1Kps_036_0306,2.179097e+04,1.122726e+01,2.007212e+04,2.006719e+04,2.681709e+01,8.539705e+04,7.493818e+06,1.000000e+00,1.000000e+00,1.000000e+00,2.006719e+04,2.006719e+04,2.006719e+04
123,coords_1Kps_037_0001,5.551921e+03,1.989958e+01,5.296047e+03,5.295703e+03,3.003254e+01,9.076534e+04,7.707414e+06,1.000000e+00,1.000000e+00,1.000000e+00,5.295703e+03,5.295703e+03,5.295703e+03
124,coords_1Kps_037_0207,2.332614e+04,1.408388e+00,1.386276e+04,1.386040e+04,1.634236e-07,1.459219e-01,2.651640e+02,5.881520e-04,1.000000e+00,1.000000e+00,8.152025e+00,1.386040e+04,1.386040e+04
125,coords_1Kps_037_0305,2.303546e+04,1.778673e+00,1.495291e+04,1.495017e+04,8.378737e+01,2.661622e+05,2.369568e+07,1.000000e+00,1.000000e+00,1.000000e+00,1.495017e+04,1.495017e+04,1.495017e+04
126,coords_1Kps_037_0406,1.371790e+04,7.319839e-01,5.929599e+03,5.929169e+03,3.956284e-03,1.987628e+02,7.785538e+04,9.999993e-01,1.000000e+00,1.000000e+00,5.929165e+03,5.929169e+03,5.929169e+03
127,coords_1Kps_038_0005,2.175865e+04,1.860042e-01,3.527166e+03,3.527013e+03,3.150992e-04,3.687400e+01,2.276857e+04,6.783712e-01,1.000000e+00,1.000000e+00,2.392624e+03,3.527013e+03,3.527013e+03
128,coords_1Kps_038_0102,4.775380e+05,6.193521e+03,4.774639e+05,4.746866e+05,1.477242e-11,2.140287e-04,1.785049e+00,5.318070e-08,5.372198e-01,1.000000e+00,2.524416e-02,2.550110e+05,4.746866e+05
129,coords_1Kps_038_0306,1.922988e+04,8.174741e-02,1.506924e+03,1.506896e+03,1.208142e-01,2.027630e+03,4.197556e+05,1.000000e+00,1.000000e+00,1.000000e+00,1.506896e+03,1.506896e+03,1.506896e+03
130,coords_1Kps_038_0407,3.970158e+03,2.351071e-01,7.800929e+02,7.800854e+02,2.827113e+01,8.732598e+04,7.535329e+06,1.000000e+00,1.000000e+00,1.000000e+00,7.800854e+02,7.800854e+02,7.800854e+02
131,coords_1Kps_038_0809,1.636170e+03,9.668577e+00,1.488187e+03,1.488160e+03,7.347903e+00,3.356196e+04,3.526530e+06,1.000000e+00,1.000000e+00,1.000000e+00,1.488160e+03,1.488160e+03,1.488160e+03
132,coords_1Kps_039_0005,1.079442e+04,2.351628e+00,7.661935e+03,7.661216e+03,2.675044e+01,9.069342e+04,8.126021e+06,1.000000e+00,1.000000e+00,1.000000e+00,7.661216e+03,7.661216e+03,7.661216e+03
133,coords_1Kps_039_0108,7.214986e+03,1.614456e+00,4.522042e+03,4.521792e+03,7.889180e-02,1.427244e+03,3.076461e+05,1.000000e+00,1.000000e+00,1.000000e+00,4.521792e+03,4.521792e+03,4.521792e+03
134,coords_1Kps_039_0210,3.269604e+05,6.803463e+03,3.269142e+05,3.256098e+05,4.602065e-11,4.612822e-04,3.142629e+00,1.656743e-07,8.099781e-01,1.000000e+00,5.394518e-02,2.637368e+05,3.256098e+05
135,coords_1Kps_039_0307,7.431842e+03,1.140672e+00,4.032764e+03,4.032565e+03,7.762977e+01,2.025635e+05,1.592960e+07,1.000000e+00,1.000000e+00,1.000000e+00,4.032565e+03,4.032565e+03,4.032565e+03
136,coords_1Kps_039_0406,8.084084e+03,1.375458e+01,7.555931e+03,7.555231e+03,7.013017e+01,1.843679e+05,1.458644e+07,1.000000e+00,1.000000e+00,1.000000e+00,7.555231e+03,7.555231e+03,7.555231e+03
137,coords_1Kps_039_0911,2.197455e+04,4.689832e+00,1.823608e+04,1.823201e+04,2.717324e+01,9.141132e+04,8.253578e+06,1.000000e+00,1.000000e+00,1.000000e+00,1.823201e+04,1.823201e+04,1.823201e+04
138,coords_1Kps_040_0003,8.453036e+03,7.173325e-01,3.611963e+03,3.611803e+03,4.036317e+01,1.116091e+05,9.043154e+06,1.000000e+00,1.000000e+00,1.000000e+00,3.611803e+03,3.611803e+03,3.611803e+03
139,coords_1Kps_040_0105,1.306166e+04,1.177015e+00,7.189219e+03,7.188586e+03,4.174806e+01,1.300416e+05,1.132759e+07,1.000000e+00,1.000000e+00,1.000000e+00,7.188586e+03,7.188586e+03,7.188586e+03
140,coords_1Kps_040_0204,2.052215e+05,1.410331e-01,2.625300e+04,2.624456e+04,3.951919e-02,1.003262e+03,2.585020e+05,1.000000e+00,1.000000e+00,1.000000e+00,2.624456e+04,2.624456e+04,2.624456e+04
141,coords_1Kps_041_0003,3.437196e+05,3.860167e-02,1.326769e+04,1.326554e+04,7.679030e+00,3.721667e+04,4.018556e+06,1.000000e+00,1.000000e+00,1.000000e+00,1.326554e+04,1.326554e+04,1.326554e+04
142,coords_1Kps_041_0102,2.031080e+05,4.965634e-01,6.917440e+04,6.911581e+04,1.246286e+00,1.136978e+04,1.721705e+06,1.000000e+00,1.000000e+00,1.000000e+00,6.911581e+04,6.911581e+04,6.911581e+04
143,coords_1Kps_042_0001,1.640055e+03,4.456187e+00,1.349004e+03,1.348982e+03,1.644372e+01,7.087823e+04,7.135294e+06,1.000000e+00,1.000000e+00,1.000000e+00,1.348982e+03,1.348982e+03,1.348982e+03
144,coords_1Kps_042_0208,2.085212e+02,1.430148e+01,1.953861e+02,1.953857e+02,2.442832e-01,3.178862e+03,5.851903e+05,1.000000e+00,1.000000e+00,1.000000e+00,1.953857e+02,1.953857e+02,1.953857e+02
145,coords_1Kps_042_0305,1.259624e+05,2.995052e-01,2.991931e+04,2.990834e+04,8.295515e+00,3.793466e+04,4.045472e+06,1.000000e+00,1.000000e+00,1.000000e+00,2.990834e+04,2.990834e+04,2.990834e+04
146,coords_1Kps_042_0409,1.452007e+04,1.619368e-01,2.093108e+03,2.093054e+03,8.193107e-04,5.763532e+01,2.596153e+04,9.476351e-01,1.000000e+00,1.000000e+00,1.983452e+03,2.093054e+03,2.093054e+03
147,coords_1Kps_042_0611,1.450549e+04,1.778673e+00,9.415886e+03,9.414799e+03,4.906988e+01,1.414223e+05,1.192461e+07,1.000000e+00,1.000000e+00,1.000000e+00,9.414799e+03,9.414799e+03,9.414799e+03
148,coords_1Kps_042_0710,7.390560e+03,1.038227e+00,3.837192e+03,3.837011e+03,3.503276e+01,1.022051e+05,8.511325e+06,1.000000e+00,1.000000e+00,1.000000e+00,3.837011e+03,3.837011e+03,3.837011e+03
149,coords_1Kps_043_0001,1.999749e+04,1.839554e+01,1.900425e+04,1.899982e+04,1.410646e+01,4.962205e+04,4.476293e+06,1.000000e+00,1.000000e+00,1.000000e+00,1.899982e+04,1.899982e+04,1.899982e+04
150,coords_1Kps_043_0208,3.432847e+04,2.700476e+00,2.531554e+04,2.530769e+04,5.795946e+01,1.606899e+05,1.295635e+07,1.000000e+00,1.000000e+00,1.000000e+00,2.530769e+04,2.530769e+04,2.530769e+04
151,coords_1Kps_043_0307,4.966545e+04,1.636403e-01,7.223772e+03,7.223132e+03,2.677117e+01,1.018370e+05,9.695310e+06,1.000000e+00,1.000000e+00,1.000000e+00,7.223132e+03,7.223132e+03,7.223132e+03
152,coords_1Kps_043_0405,1.316867e+05,7.169856e-01,5.625384e+04,5.621509e+04,1.081440e+01,4.668340e+04,4.807694e+06,1.000000e+00,1.000000e+00,1.000000e+00,5.621509e+04,5.621509e+04,5.621509e+04
153,coords_1Kps_043_0609,4.002244e+03,8.689892e-01,1.900058e+03,1.900013e+03,2.381001e-02,6.349465e+02,1.718444e+05,1.000000e+00,1.000000e+00,1.000000e+00,1.900013e+03,1.900013e+03,1.900013e+03
154,coords_1Kps_044_0002,4.847236e+03,5.958253e-02,2.828661e+02,2.828651e+02,6.974211e+01,1.843928e+05,1.453294e+07,1.000000e+00,1.000000e+00,1.000000e+00,2.828651e+02,2.828651e+02,2.828651e+02
155,coords_1Kps_044_0110,3.100147e+03,1.458062e-01,4.082413e+02,4.082392e+02,8.153631e-05,1.284358e+01,8.857149e+03,2.543737e-01,1.000000e+00,1.000000e+00,1.038453e+02,4.082392e+02,4.082392e+02
156,coords_1Kps_044_0309,4.993152e+03,7.610307e-01,2.206109e+03,2.206049e+03,4.233904e+01,1.218052e+05,1.021661e+07,1.000000e+00,1.000000e+00,1.000000e+00,2.206049e+03,2.206049e+03,2.206049e+03
157,coords_1Kps_044_0407,4.546118e+04,6.425645e+00,3.954437e+04,3.952522e+04,9.594902e-05,1.427691e+01,9.939522e+03,2.920745e-01,1.000000e+00,1.000000e+00,1.154431e+04,3.952522e+04,3.952522e+04
158,coords_1Kps_044_0508,7.274533e+03,1.174114e-01,7.916927e+02,7.916850e+02,4.080723e-04,3.425097e+01,1.711029e+04,7.698584e-01,1.000000e+00,1.000000e+00,6.094854e+02,7.916850e+02,7.916850e+02
159,coords_1Kps_044_0611,3.964440e+03,7.564537e-02,2.891696e+02,2.891686e+02,2.985267e+01,9.413028e+04,8.128816e+06,1.000000e+00,1.000000e+00,1.000000e+00,2.891686e+02,2.891686e+02,2.891686e+02
160,coords_1Kps_045_0005,1.521334e+03,1.518774e+01,1.430762e+03,1.430737e+03,1.682901e+01,5.873321e+04,5.389996e+06,1.000000e+00,1.000000e+00,1.000000e+00,1.430737e+03,1.430737e+03,1.430737e+03
161,coords_1Kps_045_0207,2.400863e+04,6.369039e-02,1.491644e+03,1.491617e+03,3.757725e+01,1.136479e+05,9.613367e+06,1.000000e+00,1.000000e+00,1.000000e+00,1.491617e+03,1.491617e+03,1.491617e+03
162,coords_1Kps_045_0406,1.734084e+07,4.196577e-03,7.536243e+04,7.529290e+04,3.745060e-20,1.298904e-10,2.091609e-05,1.348222e-16,4.676053e-07,7.253286e-02,1.015115e-11,3.520736e-02,5.461209e+03
163,coords_1Kps_045_0809,9.137594e+03,1.308019e+01,8.511941e+03,8.511053e+03,4.336353e+01,1.266059e+05,1.051340e+07,1.000000e+00,1.000000e+00,1.000000e+00,8.511053e+03,8.511053e+03,8.511053e+03
164,coords_1Kps_046_0002,1.509899e+05,2.544661e-02,3.893261e+03,3.893076e+03,1.195220e+01,4.968903e+04,4.978107e+06,1.000000e+00,1.000000e+00,1.000000e+00,3.893076e+03,3.893076e+03,3.893076e+03
165,coords_1Kps_046_0107,8.052220e+03,1.308217e+01,7.500961e+03,7.500271e+03,3.790394e-05,7.387915e+00,5.825666e+03,1.275537e-01,1.000000e+00,1.000000e+00,9.566874e+02,7.500271e+03,7.500271e+03
166,coords_1Kps_046_0305,3.081928e+03,3.349204e+01,2.995926e+03,2.995816e+03,1.086409e+01,4.381450e+04,4.294251e+06,1.000000e+00,1.000000e+00,1.000000e+00,2.995816e+03,2.995816e+03,2.995816e+03
167,coords_1Kps_046_0406,3.706281e+04,3.442230e+00,2.897105e+04,2.896077e+04,2.497979e+01,8.192422e+04,7.276011e+06,1.000000e+00,1.000000e+00,1.000000e+00,2.896077e+04,2.896077e+04,2.896077e+04
168,coords_1Kps_046_0810,3.705820e+04,2.710964e-01,8.151001e+03,8.150187e+03,6.218943e+01,1.675736e+05,1.334784e+07,1.000000e+00,1.000000e+00,1.000000e+00,8.150187e+03,8.150187e+03,8.150187e+03
169,coords_1Kps_046_0911,1.280022e+04,4.628069e+00,1.059849e+04,1.059712e+04,1.689664e+01,6.585505e+04,6.393361e+06,1.000000e+00,1.000000e+00,1.000000e+00,1.059712e+04,1.059712e+04,1.059712e+04
170,coords_1Kps_047_0001,1.092085e+04,2.820097e+00,8.144286e+03,8.143473e+03,5.050188e+00,2.839293e+04,3.318516e+06,1.000000e+00,1.000000e+00,1.000000e+00,8.143473e+03,8.143473e+03,8.143473e+03
171,coords_1Kps_047_0203,5.122141e+03,1.114866e-01,5.322395e+02,5.322361e+02,1.352961e-01,2.059819e+03,4.126195e+05,1.000000e+00,1.000000e+00,1.000000e+00,5.322361e+02,5.322361e+02,5.322361e+02
172,coords_1Kps_047_0406,2.513891e+03,3.273603e-01,6.385417e+02,6.385367e+02,3.869810e+01,1.140866e+05,9.520100e+06,1.000000e+00,1.000000e+00,1.000000e+00,6.385367e+02,6.385367e+02,6.385367e+02
173,coords_1Kps_047_0507,4.188196e+03,2.056107e-01,7.378798e+02,7.378731e+02,3.054875e+01,9.381288e+04,8.224840e+06,1.000000e+00,1.000000e+00,1.000000e+00,7.378731e+02,7.378731e+02,7.378731e+02
174,coords_1Kps_048_0001,2.459126e+04,3.545264e-01,6.625016e+03,6.624478e+03,1.781599e+02,4.643439e+05,3.649562e+07,1.000000e+00,1.000000e+00,1.000000e+00,6.624478e+03,6.624478e+03,6.624478e+03
175,coords_1Kps_048_0208,1.306980e+04,2.605820e+00,9.547273e+03,9.546156e+03,3.209747e+00,1.955972e+04,2.381484e+06,1.000000e+00,1.000000e+00,1.000000e+00,9.546156e+03,9.546156e+03,9.546156e+03
176,coords_1Kps_048_0307,3.949026e+03,2.060059e-03,8.443474e+00,8.443473e+00,6.126597e-06,1.717268e+00,1.667203e+03,2.181430e-02,1.000000e+00,1.000000e+00,1.841884e-01,8.443473e+00,8.443473e+00
177,coords_1Kps_048_0409,1.990716e+03,1.115589e-01,2.069747e+02,2.069742e+02,8.895498e-01,7.690517e+03,1.133034e+06,1.000000e+00,1.000000e+00,1.000000e+00,2.069742e+02,2.069742e+02,2.069742e+02
178,coords_1Kps_048_0506,6.459035e+04,3.405630e-02,2.209676e+03,2.209616e+03,1.399111e+01,5.256412e+04,4.987655e+06,1.000000e+00,1.000000e+00,1.000000e+00,2.209616e+03,2.209616e+03,2.209616e+03
179,coords_1Kps_049_0007,6.056593e+03,1.228194e+01,5.616901e+03,5.616514e+03,2.172473e+00,1.446855e+04,1.843612e+06,1.000000e+00,1.000000e+00,1.000000e+00,5.616514e+03,5.616514e+03,5.616514e+03
180,coords_1Kps_049_0102,1.759021e+04,4.825438e-01,5.878243e+03,5.877820e+03,6.675915e+00,3.073774e+04,3.238161e+06,1.000000e+00,1.000000e+00,1.000000e+00,5.877820e+03,5.877820e+03,5.877820e+03
181,coords_1Kps_049_0306,2.961451e+08,1.771407e-03,5.446337e+05,5.410230e+05,4.757330e-11,4.675819e-04,3.150617e+00,1.712639e-07,8.142391e-01,1.000000e+00,9.265768e-02,4.405221e+05,5.410230e+05
182,coords_1Kps_049_0405,6.027546e+03,9.761881e-01,3.036724e+03,3.036611e+03,5.158489e-01,5.291617e+03,8.521921e+05,1.000000e+00,1.000000e+00,1.000000e+00,3.036611e+03,3.036611e+03,3.036611e+03
183,coords_1Kps_049_0507,3.686795e+03,2.056108e-01,6.495427e+02,6.495375e+02,5.116243e+01,1.435438e+05,1.184600e+07,1.000000e+00,1.000000e+00,1.000000e+00,6.495375e+02,6.495375e+02,6.495375e+02
184,coords_1Kps_050_0001,1.801888e+04,1.574089e-01,2.535062e+03,2.534983e+03,3.879657e+00,2.141745e+04,2.491125e+06,1.000000e+00,1.000000e+00,1.000000e+00,2.534983e+03,2.534983e+03,2.534983e+03
185,coords_1Kps_050_0206,4.255037e+03,4.825438e-01,1.421936e+03,1.421911e+03,3.406617e+01,1.067159e+05,9.177154e+06,1.000000e+00,1.000000e+00,1.000000e+00,1.421911e+03,1.421911e+03,1.421911e+03
186,coords_1Kps_050_0305,7.290594e+04,7.876163e-02,5.520305e+03,5.519932e+03,1.178859e+01,4.816240e+04,4.777429e+06,1.000000e+00,1.000000e+00,1.000000e+00,5.519932e+03,5.519932e+03,5.519932e+03
187,coords_1Kps_050_0407,1.707592e+03,7.333214e-01,7.388761e+02,7.388694e+02,4.433902e+01,1.257866e+05,1.037370e+07,1.000000e+00,1.000000e+00,1.000000e+00,7.388694e+02,7.388694e+02,7.388694e+02
188,coords_1Kps_051_0005,1.170482e+06,3.889992e-02,4.551650e+04,4.549113e+04,1.741071e-13,8.843159e-06,1.472745e-01,6.267856e-10,3.133396e-02,1.000000e+00,2.851319e-05,1.425417e+03,4.549113e+04
189,coords_1Kps_051_0104,2.859629e+03,3.663658e-01,7.890281e+02,7.890205e+02,1.088873e+01,4.602556e+04,4.658758e+06,1.000000e+00,1.000000e+00,1.000000e+00,7.890205e+02,7.890205e+02,7.890205e+02
190,coords_1Kps_051_0203,2.811324e+03,2.711070e+00,2.075341e+03,2.075288e+03,7.770288e-05,1.129526e+01,7.660863e+03,2.440125e-01,1.000000e+00,1.000000e+00,5.063962e+02,2.075288e+03,2.075288e+03
191,coords_1Kps_052_0006,2.615526e+03,1.336180e+01,2.439961e+03,2.439888e+03,4.093507e+00,2.269672e+04,2.633928e+06,1.000000e+00,1.000000e+00,1.000000e+00,2.439888e+03,2.439888e+03,2.439888e+03
192,coords_1Kps_052_0104,3.612332e+03,6.592209e+00,3.152552e+03,3.152430e+03,1.161955e+00,8.998018e+03,1.235163e+06,1.000000e+00,1.000000e+00,1.000000e+00,3.152430e+03,3.152430e+03,3.152430e+03
193,coords_1Kps_052_0207,4.683079e+03,5.209909e-01,1.645846e+03,1.645813e+03,4.734266e+01,1.311147e+05,1.061905e+07,1.000000e+00,1.000000e+00,1.000000e+00,1.645813e+03,1.645813e+03,1.645813e+03
194,coords_1Kps_052_0305,3.420921e+03,6.780609e-02,2.253697e+02,2.253691e+02,3.523714e-02,7.574386e+02,1.829682e+05,1.000000e+00,1.000000e+00,1.000000e+00,2.253691e+02,2.253691e+02,2.253691e+02
195,coords_1Kps_053_0004,8.787654e+04,8.472012e-02,7.116466e+03,7.115845e+03,4.473414e-01,5.646153e+03,1.006988e+06,1.000000e+00,1.000000e+00,1.000000e+00,7.115845e+03,7.115845e+03,7.115845e+03
196,coords_1Kps_053_0107,2.870912e+03,2.811787e-01,6.496312e+02,6.496260e+02,3.300779e+01,9.334526e+04,7.876130e+06,1.000000e+00,1.000000e+00,1.000000e+00,6.496260e+02,6.496260e+02,6.496260e+02
197,coords_1Kps_053_0205,3.192920e+03,1.465127e+01,2.996299e+03,2.996189e+03,3.106875e-01,3.615234e+03,6.238406e+05,1.000000e+00,1.000000e+00,1.000000e+00,2.996189e+03,2.996189e+03,2.996189e+03
198,coords_1Kps_053_0306,2.148661e+04,3.757027e+00,1.710850e+04,1.710492e+04,1.016519e+01,4.351978e+04,4.450926e+06,1.000000e+00,1.000000e+00,1.000000e+00,1.710492e+04,1.710492e+04,1.710492e+04
199,coords_1Kps_053_0809,2.034113e+03,3.046544e-01,4.894619e+02,4.894589e+02,9.187929e-05,1.218977e+01,7.978930e+03,2.816264e-01,1.000000e+00,1.000000e+00,1.378445e+02,4.894589e+02,4.894589e+02
200,coords_1Kps_054_0008,4.969497e+04,2.710964e-01,1.093047e+04,1.092901e+04,3.409176e+01,1.045439e+05,8.898920e+06,1.000000e+00,1.000000e+00,1.000000e+00,1.092901e+04,1.092901e+04,1.092901e+04
201,coords_1Kps_054_0102,6.100327e+03,5.948553e-01,2.331710e+03,2.331643e+03,2.507960e+00,1.646398e+04,2.079487e+06,1.000000e+00,1.000000e+00,1.000000e+00,2.331643e+03,2.331643e+03,2.331643e+03
202,coords_1Kps_054_0305,9.442721e+04,6.157531e-02,5.683616e+03,5.683220e+03,2.772825e-02,7.790737e+02,2.160744e+05,1.000000e+00,1.000000e+00,1.000000e+00,5.683220e+03,5.683220e+03,5.683220e+03
203,coords_1Kps_054_0409,5.900233e+03,1.037045e+01,5.399639e+03,5.399281e+03,3.768151e+01,1.078459e+05,8.851551e+06,1.000000e+00,1.000000e+00,1.000000e+00,5.399281e+03,5.399281e+03,5.399281e+03
204,coords_1Kps_054_0607,6.791380e+03,1.050253e+01,6.221816e+03,6.221342e+03,5.625365e+01,1.532414e+05,1.227460e+07,1.000000e+00,1.000000e+00,1.000000e+00,6.221342e+03,6.221342e+03,6.221342e+03
205,coords_1Kps_055_0001,8.589917e+03,9.260901e+00,7.782017e+03,7.781275e+03,8.585164e-02,1.518035e+03,3.308006e+05,1.000000e+00,1.000000e+00,1.000000e+00,7.781275e+03,7.781275e+03,7.781275e+03
206,coords_1Kps_056_0007,6.695035e+03,1.182365e+01,6.191571e+03,6.191101e+03,4.931648e+01,1.339936e+05,1.077187e+07,1.000000e+00,1.000000e+00,1.000000e+00,6.191101e+03,6.191101e+03,6.191101e+03
207,coords_1Kps_056_0103,3.438226e+03,4.250745e+00,2.804015e+03,2.803918e+03,2.117419e+01,7.904156e+04,7.554349e+06,1.000000e+00,1.000000e+00,1.000000e+00,2.803918e+03,2.803918e+03,2.803918e+03
208,coords_1Kps_056_0209,6.049748e+03,9.021600e-02,5.189794e+02,5.189761e+02,8.786516e+00,3.778054e+04,3.829119e+06,1.000000e+00,1.000000e+00,1.000000e+00,5.189761e+02,5.189761e+02,5.189761e+02
209,coords_1Kps_056_0405,3.432703e+04,3.086852e+00,2.617466e+04,2.616626e+04,7.847617e+00,4.670075e+04,5.738882e+06,1.000000e+00,1.000000e+00,1.000000e+00,2.616626e+04,2.616626e+04,2.616626e+04
210,coords_1Kps_056_0410,9.855201e+02,5.125284e-01,3.426868e+02,3.426854e+02,8.034672e-01,7.253656e+03,1.102188e+06,1.000000e+00,1.000000e+00,1.000000e+00,3.426854e+02,3.426854e+02,3.426854e+02
211,coords_1Kps_056_0508,1.360484e+03,1.694149e-01,2.038172e+02,2.038167e+02,4.798259e+00,2.468182e+04,2.756160e+06,1.000000e+00,1.000000e+00,1.000000e+00,2.038167e+02,2.038167e+02,2.038167e+02
212,coords_1Kps_056_0611,3.713353e+03,7.520174e-01,1.629756e+03,1.629724e+03,3.108430e+01,9.221092e+04,7.781913e+06,1.000000e+00,1.000000e+00,1.000000e+00,1.629724e+03,1.629724e+03,1.629724e+03
213,coords_1Kps_057_0003,9.489753e+03,2.356790e+00,6.740160e+03,6.739604e+03,8.153161e+01,2.170258e+05,1.713995e+07,1.000000e+00,1.000000e+00,1.000000e+00,6.739604e+03,6.739604e+03,6.739604e+03
214,coords_1Kps_057_0102,1.572430e+03,6.780609e-02,1.035914e+02,1.035913e+02,2.794468e+00,1.733581e+04,2.140526e+06,1.000000e+00,1.000000e+00,1.000000e+00,1.035913e+02,1.035913e+02,1.035913e+02
215,coords_1Kps_057_0405,3.174187e+03,6.682553e-02,2.062874e+02,2.062869e+02,2.074483e+01,8.360213e+04,8.324810e+06,1.000000e+00,1.000000e+00,1.000000e+00,2.062869e+02,2.062869e+02,2.062869e+02
216,coords_1Kps_058_0005,1.110973e+03,1.694149e-01,1.664374e+02,1.664371e+02,1.143823e+01,4.642853e+04,4.576145e+06,1.000000e+00,1.000000e+00,1.000000e+00,1.664371e+02,1.664371e+02,1.664371e+02
217,coords_1Kps_058_0104,7.052140e+05,1.705384e-01,1.062448e+05,1.061067e+05,1.265026e+01,6.176948e+04,6.662491e+06,1.000000e+00,1.000000e+00,1.000000e+00,1.061067e+05,1.061067e+05,1.061067e+05
218,coords_1Kps_058_0203,3.469719e+04,1.434015e-02,5.099168e+02,5.099137e+02,4.959014e+01,1.488379e+05,1.261920e+07,1.000000e+00,1.000000e+00,1.000000e+00,5.099137e+02,5.099137e+02,5.099137e+02
219,coords_1Kps_059_0003,3.102183e+03,2.713154e+00,2.290516e+03,2.290452e+03,8.357504e-02,1.419298e+03,2.983677e+05,1.000000e+00,1.000000e+00,1.000000e+00,2.290452e+03,2.290452e+03,2.290452e+03
220,coords_1Kps_059_0107,6.338313e+03,1.228717e+00,3.555918e+03,3.555763e+03,2.381391e+01,8.227245e+04,7.459148e+06,1.000000e+00,1.000000e+00,1.000000e+00,3.555763e+03,3.555763e+03,3.555763e+03
221,coords_1Kps_059_0204,8.865858e+02,9.125868e+00,8.020842e+02,8.020764e+02,3.077399e+01,9.395526e+04,7.953991e+06,1.000000e+00,1.000000e+00,1.000000e+00,8.020764e+02,8.020764e+02,8.020764e+02
222,coords_1Kps_059_0506,5.490702e+03,4.498959e+01,5.375820e+03,5.375466e+03,7.373118e-06,2.010225e+00,1.933805e+03,2.619405e-02,1.000000e+00,1.000000e+00,1.408052e+02,5.375466e+03,5.375466e+03
223,coords_1Kps_060_0005,1.079229e+05,5.312874e-01,3.841181e+04,3.839374e+04,2.209620e+01,1.039723e+05,1.127699e+07,1.000000e+00,1.000000e+00,1.000000e+00,3.839374e+04,3.839374e+04,3.839374e+04
224,coords_1Kps_060_0104,3.666645e+03,2.836763e+00,2.738512e+03,2.738420e+03,4.518953e-02,9.791302e+02,2.372735e+05,1.000000e+00,1.000000e+00,1.000000e+00,2.738420e+03,2.738420e+03,2.738420e+03
225,coords_1Kps_060_0203,6.604786e+03,1.260927e+01,6.136862e+03,6.136400e+03,1.599067e+01,5.931452e+04,5.601886e+06,1.000000e+00,1.000000e+00,1.000000e+00,6.136400e+03,6.136400e+03,6.136400e+03
226,coords_1Kps_061_0002,4.136420e+03,9.662313e+00,3.762080e+03,3.761906e+03,3.461455e+01,1.043160e+05,8.861056e+06,1.000000e+00,1.000000e+00,1.000000e+00,3.761906e+03,3.761906e+03,3.761906e+03
227,coords_1Kps_061_0103,5.415899e+03,1.467236e+00,3.271917e+03,3.271786e+03,4.817310e+01,1.284731e+05,1.019408e+07,1.000000e+00,1.000000e+00,1.000000e+00,3.271786e+03,3.271786e+03,3.271786e+03
228,coords_1Kps_062_0003,3.699595e+03,4.613701e-01,1.199662e+03,1.199644e+03,1.043354e+01,4.306455e+04,4.276037e+06,1.000000e+00,1.000000e+00,1.000000e+00,1.199644e+03,1.199644e+03,1.199644e+03
229,coords_1Kps_062_0105,8.593401e+03,2.908296e+01,8.318408e+03,8.317561e+03,2.541651e-05,4.907684e+00,3.874049e+03,8.743818e-02,1.000000e+00,1.000000e+00,7.272724e+02,8.317561e+03,8.317561e+03
230,coords_1Kps_062_0204,7.488675e+07,2.060059e-03,1.601165e+05,1.598030e+05,1.336791e-16,5.263082e-08,2.624893e-03,4.812448e-13,1.894530e-04,9.999213e-01,7.690437e-08,3.027516e+01,1.597904e+05
231,coords_1Kps_063_0001,3.153363e+03,3.281343e+00,2.438796e+03,2.438724e+03,2.804418e+01,8.714036e+04,7.621730e+06,1.000000e+00,1.000000e+00,1.000000e+00,2.438724e+03,2.438724e+03,2.438724e+03
232,coords_1Kps_063_0203,3.166132e+03,1.630264e+01,2.989811e+03,2.989701e+03,1.780177e+01,6.527527e+04,6.168122e+06,1.000000e+00,1.000000e+00,1.000000e+00,2.989701e+03,2.989701e+03,2.989701e+03
233,coords_1Kps_063_0205,7.309380e+05,1.717939e+00,4.686572e+05,4.659811e+05,3.609236e-12,8.674384e-05,9.287438e-01,1.299325e-08,2.682218e-01,1.000000e+00,6.054610e-03,1.249863e+05,4.659811e+05
234,coords_1Kps_063_0409,7.621113e+04,3.021493e-01,1.822370e+04,1.821963e+04,5.984832e-09,1.493058e-02,4.707514e+01,2.154516e-05,1.000000e+00,1.000000e+00,3.925449e-01,1.821963e+04,1.821963e+04
235,coords_1Kps_063_0506,9.494642e+03,4.596140e+00,7.852115e+03,7.851360e+03,8.209462e-05,1.373869e+01,9.839336e+03,2.558708e-01,1.000000e+00,1.000000e+00,2.008934e+03,7.851360e+03,7.851360e+03
236,coords_1Kps_063_0708,4.451122e+03,9.560094e-01,2.219266e+03,2.219206e+03,1.353481e+01,5.521995e+04,5.502752e+06,1.000000e+00,1.000000e+00,1.000000e+00,2.219206e+03,2.219206e+03,2.219206e+03
237,coords_1Kps_064_0010,5.649335e+03,9.206359e-01,2.763438e+03,2.763345e+03,1.242927e+02,3.064829e+05,2.326647e+07,1.000000e+00,1.000000e+00,1.000000e+00,2.763345e+03,2.763345e+03,2.763345e+03
238,coords_1Kps_064_0104,7.226007e+03,5.413886e-01,2.603156e+03,2.603073e+03,4.226702e+01,1.202584e+05,9.874652e+06,1.000000e+00,1.000000e+00,1.000000e+00,2.603073e+03,2.603073e+03,2.603073e+03
239,coords_1Kps_064_0205,1.439242e+04,1.435024e-01,1.869202e+03,1.869159e+03,7.374805e+00,3.434824e+04,3.647584e+06,1.000000e+00,1.000000e+00,1.000000e+00,1.869159e+03,1.869159e+03,1.869159e+03
240,coords_1Kps_064_0608,4.635917e+03,2.832047e+00,3.460974e+03,3.460827e+03,2.099984e+01,7.176189e+04,6.478446e+06,1.000000e+00,1.000000e+00,1.000000e+00,3.460827e+03,3.460827e+03,3.460827e+03
241,coords_1Kps_064_0709,1.730663e+03,5.605299e+00,1.477277e+03,1.477250e+03,4.936674e-01,5.259488e+03,8.552434e+05,1.000000e+00,1.000000e+00,1.000000e+00,1.477250e+03,1.477250e+03,1.477250e+03
242,coords_1Kps_065_0002,6.067769e+02,2.595748e-01,1.289951e+02,1.289949e+02,3.667329e+01,1.017735e+05,8.141500e+06,1.000000e+00,1.000000e+00,1.000000e+00,1.289949e+02,1.289949e+02,1.289949e+02
243,coords_1Kps_065_0103,4.135525e+03,2.495575e+01,3.982112e+03,3.981918e+03,3.482509e+01,1.027398e+05,8.573131e+06,1.000000e+00,1.000000e+00,1.000000e+00,3.981918e+03,3.981918e+03,3.981918e+03
244,coords_1Kps_066_0003,2.409523e+04,9.903735e-02,2.250255e+03,2.250193e+03,8.978091e+01,2.674488e+05,2.293973e+07,1.000000e+00,1.000000e+00,1.000000e+00,2.250193e+03,2.250193e+03,2.250193e+03
245,coords_1Kps_066_0107,1.488108e+03,1.050374e+01,1.363320e+03,1.363297e+03,8.165084e-05,1.131911e+01,7.537602e+03,2.546811e-01,1.000000e+00,1.000000e+00,3.472060e+02,1.363297e+03,1.363297e+03
246,coords_1Kps_066_0205,2.349558e+04,1.435024e-01,3.051466e+03,3.051352e+03,1.946743e-01,2.682734e+03,5.001794e+05,1.000000e+00,1.000000e+00,1.000000e+00,3.051352e+03,3.051352e+03,3.051352e+03
247,coords_1Kps_066_0406,4.218591e+03,2.103036e-01,7.571539e+02,7.571468e+02,7.061595e+01,1.876917e+05,1.484166e+07,1.000000e+00,1.000000e+00,1.000000e+00,7.571468e+02,7.571468e+02,7.571468e+02
248,coords_1Kps_066_0809,2.034892e+04,1.391803e-01,2.573265e+03,2.573184e+03,3.536413e+01,1.152635e+05,1.012816e+07,1.000000e+00,1.000000e+00,1.000000e+00,2.573184e+03,2.573184e+03,2.573184e+03
249,coords_1Kps_067_0006,6.509817e+04,1.963923e+00,4.370333e+04,4.367994e+04,9.826656e-03,3.893059e+02,1.307715e+05,1.000000e+00,1.000000e+00,1.000000e+00,4.367994e+04,4.367994e+04,4.367994e+04
250,coords_1Kps_067_0102,3.779719e+03,1.518774e+01,3.554696e+03,3.554541e+03,3.367537e+01,9.904531e+04,8.285178e+06,1.000000e+00,1.000000e+00,1.000000e+00,3.554541e+03,3.554541e+03,3.554541e+03
251,coords_1Kps_067_0304,7.441464e+03,5.413935e-01,2.680789e+03,2.680701e+03,2.823985e+00,1.828103e+04,2.298028e+06,1.000000e+00,1.000000e+00,1.000000e+00,2.680701e+03,2.680701e+03,2.680701e+03
252,coords_1Kps_067_0507,1.713940e+03,1.516589e+01,1.611763e+03,1.611731e+03,1.817126e+01,6.235598e+04,5.672169e+06,1.000000e+00,1.000000e+00,1.000000e+00,1.611731e+03,1.611731e+03,1.611731e+03
253,coords_1Kps_068_0007,6.457610e+04,2.459803e-02,1.610948e+03,1.610916e+03,4.471031e+01,1.251564e+05,1.020382e+07,1.000000e+00,1.000000e+00,1.000000e+00,1.610916e+03,1.610916e+03,1.610916e+03
254,coords_1Kps_068_0106,8.739523e+03,7.315534e-01,3.776421e+03,3.776246e+03,4.915944e+00,2.505320e+04,2.773990e+06,1.000000e+00,1.000000e+00,1.000000e+00,3.776246e+03,3.776246e+03,3.776246e+03
255,coords_1Kps_068_0204,5.727097e+03,1.489961e+01,5.379944e+03,5.379589e+03,8.214897e+01,2.144067e+05,1.686231e+07,1.000000e+00,1.000000e+00,1.000000e+00,5.379589e+03,5.379589e+03,5.379589e+03
256,coords_1Kps_068_0305,1.815314e+03,1.619368e-01,2.616824e+02,2.616816e+02,4.538197e-02,9.755256e+02,2.325523e+05,1.000000e+00,1.000000e+00,1.000000e+00,2.616816e+02,2.616816e+02,2.616816e+02
257,coords_1Kps_069_0001,3.267569e+03,5.472169e-01,1.185212e+03,1.185194e+03,2.631945e-03,1.392195e+02,5.447358e+04,9.999233e-01,1.000000e+00,1.000000e+00,1.185103e+03,1.185194e+03,1.185194e+03
258,coords_1Kps_069_0204,4.479320e+03,5.850637e-01,1.694597e+03,1.694561e+03,3.028509e+00,1.721975e+04,2.003922e+06,1.000000e+00,1.000000e+00,1.000000e+00,1.694561e+03,1.694561e+03,1.694561e+03
259,coords_1Kps_069_0308,1.024155e+04,1.260927e+01,9.515975e+03,9.514865e+03,4.372409e+01,1.195816e+05,9.637747e+06,1.000000e+00,1.000000e+00,1.000000e+00,9.514865e+03,9.514865e+03,9.514865e+03
260,coords_1Kps_069_0609,8.383809e+03,1.260927e+01,7.789848e+03,7.789105e+03,5.001318e+01,1.352560e+05,1.081545e+07,1.000000e+00,1.000000e+00,1.000000e+00,7.789105e+03,7.789105e+03,7.789105e+03
261,coords_1Kps_070_0008,5.493143e+03,9.206359e-01,2.687035e+03,2.686947e+03,3.009585e+01,9.120798e+04,7.785174e+06,1.000000e+00,1.000000e+00,1.000000e+00,2.686947e+03,2.686947e+03,2.686947e+03
262,coords_1Kps_070_0102,1.028330e+04,2.908296e+01,9.954228e+03,9.953014e+03,1.497599e-06,6.457450e-01,8.013117e+02,5.376848e-03,1.000000e+00,1.000000e+00,5.351585e+01,9.953014e+03,9.953014e+03
263,coords_1Kps_070_0306,4.459693e+03,1.309765e+01,4.154716e+03,4.154504e+03,7.255057e+01,1.909028e+05,1.501692e+07,1.000000e+00,1.000000e+00,1.000000e+00,4.154504e+03,4.154504e+03,4.154504e+03
264,coords_1Kps_070_0412,4.955793e+03,9.756123e+00,4.511227e+03,4.510977e+03,1.143906e+00,9.313502e+03,1.323151e+06,1.000000e+00,1.000000e+00,1.000000e+00,4.510977e+03,4.510977e+03,4.510977e+03
265,coords_1Kps_070_0509,1.103082e+04,1.180838e+01,1.020031e+04,1.019904e+04,4.824123e+01,1.326128e+05,1.075524e+07,1.000000e+00,1.000000e+00,1.000000e+00,1.019904e+04,1.019904e+04,1.019904e+04
266,coords_1Kps_070_0711,7.321992e+03,1.482426e+01,6.876044e+03,6.875464e+03,5.432096e+01,1.467822e+05,1.178758e+07,1.000000e+00,1.000000e+00,1.000000e+00,6.875464e+03,6.875464e+03,6.875464e+03
267,coords_1Kps_070_1013,9.695434e+03,6.682553e-02,6.300970e+02,6.300922e+02,4.441254e+01,1.286133e+05,1.079921e+07,1.000000e+00,1.000000e+00,1.000000e+00,6.300922e+02,6.300922e+02,6.300922e+02
268,coords_1Kps_071_0002,7.355388e+02,1.980461e+00,4.951592e+02,4.951562e+02,1.295253e-01,2.042240e+03,4.174837e+05,1.000000e+00,1.000000e+00,1.000000e+00,4.951562e+02,4.951562e+02,4.951562e+02
269,coords_1Kps_071_0103,3.507443e+03,1.489961e+01,3.294836e+03,3.294703e+03,1.781238e+01,6.199817e+04,5.650939e+06,1.000000e+00,1.000000e+00,1.000000e+00,3.294703e+03,3.294703e+03,3.294703e+03
270,coords_1Kps_071_0405,3.480300e+04,1.460845e+01,3.265393e+04,3.264087e+04,2.557848e-03,1.375956e+02,5.428821e+04,9.998998e-01,1.000000e+00,1.000000e+00,3.263760e+04,3.264087e+04,3.264087e+04
271,coords_1Kps_072_0005,3.446044e+03,1.001387e+00,1.758095e+03,1.758057e+03,5.857060e+01,1.521220e+05,1.188966e+07,1.000000e+00,1.000000e+00,1.000000e+00,1.758057e+03,1.758057e+03,1.758057e+03
272,coords_1Kps_072_0107,1.616566e+04,1.748893e-01,2.488028e+03,2.487952e+03,1.426129e+02,3.668780e+05,2.866888e+07,1.000000e+00,1.000000e+00,1.000000e+00,2.487952e+03,2.487952e+03,2.487952e+03
273,coords_1Kps_072_0203,2.322029e+03,2.765045e+01,2.244003e+03,2.243942e+03,1.647016e+01,5.732026e+04,5.265546e+06,1.000000e+00,1.000000e+00,1.000000e+00,2.243942e+03,2.243942e+03,2.243942e+03
274,coords_1Kps_072_0406,1.487096e+04,1.240796e+00,8.378710e+03,8.377849e+03,1.710589e+01,6.972149e+04,6.909471e+06,1.000000e+00,1.000000e+00,1.000000e+00,8.377849e+03,8.377849e+03,8.377849e+03
275,coords_1Kps_072_0407,5.400181e+03,9.761881e-01,2.720652e+03,2.720561e+03,2.046856e+00,1.420285e+04,1.846329e+06,1.000000e+00,1.000000e+00,1.000000e+00,2.720561e+03,2.720561e+03,2.720561e+03
276,coords_1Kps_073_0007,5.154937e+03,8.753543e-01,2.456679e+03,2.456605e+03,4.066498e-02,9.316719e+02,2.319189e+05,1.000000e+00,1.000000e+00,1.000000e+00,2.456605e+03,2.456605e+03,2.456605e+03
277,coords_1Kps_073_0110,6.269989e+03,1.336180e+01,5.849122e+03,5.848703e+03,3.989749e+01,1.114113e+05,9.071697e+06,1.000000e+00,1.000000e+00,1.000000e+00,5.848703e+03,5.848703e+03,5.848703e+03
278,coords_1Kps_073_0203,6.002485e+02,3.851350e+01,5.856292e+02,5.856250e+02,3.693197e-01,4.318286e+03,7.507272e+05,1.000000e+00,1.000000e+00,1.000000e+00,5.856250e+02,5.856250e+02,5.856250e+02
279,coords_1Kps_073_0405,7.844653e+03,1.839564e+01,7.455022e+03,7.454341e+03,4.081951e+01,1.216361e+05,1.034976e+07,1.000000e+00,1.000000e+00,1.000000e+00,7.454341e+03,7.454341e+03,7.454341e+03
280,coords_1Kps_073_0611,9.781148e+03,1.007858e-01,9.280583e+02,9.280478e+02,5.728482e+01,1.665238e+05,1.376338e+07,1.000000e+00,1.000000e+00,1.000000e+00,9.280478e+02,9.280478e+02,9.280478e+02
281,coords_1Kps_073_0809,9.623467e+03,2.351071e-01,1.890907e+03,1.890863e+03,9.999483e+00,4.141817e+04,4.164220e+06,1.000000e+00,1.000000e+00,1.000000e+00,1.890863e+03,1.890863e+03,1.890863e+03
282,coords_1Kps_074_0006,7.149130e+04,2.067380e+00,4.879789e+04,4.876873e+04,1.898322e+01,8.308745e+04,8.501939e+06,1.000000e+00,1.000000e+00,1.000000e+00,4.876873e+04,4.876873e+04,4.876873e+04
283,coords_1Kps_074_0111,5.928437e+03,1.084847e+00,3.142995e+03,3.142874e+03,9.610901e+00,4.291038e+04,4.428394e+06,1.000000e+00,1.000000e+00,1.000000e+00,3.142874e+03,3.142874e+03,3.142874e+03
284,coords_1Kps_074_0209,4.293133e+04,1.391803e-01,5.428969e+03,5.428608e+03,1.253785e+02,3.188188e+05,2.450772e+07,1.000000e+00,1.000000e+00,1.000000e+00,5.428608e+03,5.428608e+03,5.428608e+03
285,coords_1Kps_074_0304,3.518799e+04,1.099597e-01,3.611433e+03,3.611274e+03,1.856135e-01,2.631626e+03,5.037839e+05,1.000000e+00,1.000000e+00,1.000000e+00,3.611274e+03,3.611274e+03,3.611274e+03
286,coords_1Kps_074_0508,4.948344e+04,5.259897e-01,1.749858e+04,1.749483e+04,3.912212e+01,1.405172e+05,1.301371e+07,1.000000e+00,1.000000e+00,1.000000e+00,1.749483e+04,1.749483e+04,1.749483e+04
287,coords_1Kps_074_0710,1.847069e+05,9.798051e-01,9.322750e+04,9.312112e+04,6.715106e-02,1.353952e+03,3.116460e+05,1.000000e+00,1.000000e+00,1.000000e+00,9.312112e+04,9.312112e+04,9.312112e+04
288,coords_1Kps_075_0008,8.619133e+03,2.227749e-01,1.621444e+03,1.621411e+03,1.784689e+01,6.538494e+04,6.088631e+06,1.000000e+00,1.000000e+00,1.000000e+00,1.621411e+03,1.621411e+03,1.621411e+03
289,coords_1Kps_075_0104,7.690254e+04,6.789609e-02,5.072608e+03,5.072293e+03,1.501386e+00,1.541714e+04,2.538213e+06,1.000000e+00,1.000000e+00,1.000000e+00,5.072293e+03,5.072293e+03,5.072293e+03
290,coords_1Kps_075_0205,7.007093e+04,5.797873e+00,6.010415e+04,6.005992e+04,5.821005e-02,1.193718e+03,2.743232e+05,1.000000e+00,1.000000e+00,1.000000e+00,6.005992e+04,6.005992e+04,6.005992e+04
291,coords_1Kps_075_0309,5.003169e+03,1.240796e+00,2.818923e+03,2.818825e+03,1.903422e+01,7.056236e+04,6.608923e+06,1.000000e+00,1.000000e+00,1.000000e+00,2.818825e+03,2.818825e+03,2.818825e+03
292,coords_1Kps_075_0607,3.334514e+03,9.903735e-02,3.114104e+02,3.114092e+02,2.165941e+01,8.002399e+04,7.625400e+06,1.000000e+00,1.000000e+00,1.000000e+00,3.114092e+02,3.114092e+02,3.114092e+02
293,coords_1Kps_076_0002,1.669254e+04,1.403351e-01,2.126173e+03,2.126118e+03,6.582203e+00,3.299864e+04,3.656843e+06,1.000000e+00,1.000000e+00,1.000000e+00,2.126118e+03,2.126118e+03,2.126118e+03
294,coords_1Kps_076_0105,1.990728e+06,1.352021e-02,2.760651e+04,2.759718e+04,4.709742e-01,6.093450e+03,1.108287e+06,1.000000e+00,1.000000e+00,1.000000e+00,2.759718e+04,2.759718e+04,2.759718e+04
295,coords_1Kps_076_0307,1.250133e+04,1.261474e-01,1.450018e+03,1.449992e+03,7.167898e+01,1.879618e+05,1.477043e+07,1.000000e+00,1.000000e+00,1.000000e+00,1.449992e+03,1.449992e+03,1.449992e+03
296,coords_1Kps_076_0406,4.718988e+03,2.495575e+01,4.543931e+03,4.543678e+03,1.483116e+01,5.602273e+04,5.312970e+06,1.000000e+00,1.000000e+00,1.000000e+00,4.543678e+03,4.543678e+03,4.543678e+03
297,coords_1Kps_077_0103,5.364079e+04,1.007010e+00,2.744140e+04,2.743217e+04,4.639477e-03,2.326278e+02,8.683639e+04,9.999999e-01,1.000000e+00,1.000000e+00,2.743217e+04,2.743217e+04,2.743217e+04
298,coords_1Kps_077_0308,3.553802e+04,2.017805e+00,2.406951e+04,2.406241e+04,1.124558e+01,6.158697e+04,7.274926e+06,1.000000e+00,1.000000e+00,1.000000e+00,2.406241e+04,2.406241e+04,2.406241e+04
299,coords_1Kps_077_0409,4.105149e+04,9.076358e+00,3.711953e+04,3.710265e+04,7.999005e-02,1.454915e+03,3.187799e+05,1.000000e+00,1.000000e+00,1.000000e+00,3.710265e+04,3.710265e+04,3.710265e+04
300,coords_1Kps_077_0508,4.000513e+03,1.309765e+01,3.726937e+03,3.726767e+03,4.355401e+01,1.247844e+05,1.030558e+07,1.000000e+00,1.000000e+00,1.000000e+00,3.726767e+03,3.726767e+03,3.726767e+03
301,coords_1Kps_077_0607,5.870517e+04,2.307045e-01,1.136073e+04,1.135915e+04,3.945800e-02,1.017127e+03,2.662811e+05,1.000000e+00,1.000000e+00,1.000000e+00,1.135915e+04,1.135915e+04,1.135915e+04
302,coords_1Kps_078_0003,1.659455e+03,4.475711e-01,5.271270e+02,5.271236e+02,1.723708e+00,1.242476e+04,1.669951e+06,1.000000e+00,1.000000e+00,1.000000e+00,5.271236e+02,5.271236e+02,5.271236e+02
303,coords_1Kps_078_0104,9.999012e+03,2.888501e-01,2.310049e+03,2.309984e+03,2.827773e+01,9.139911e+04,8.155748e+06,1.000000e+00,1.000000e+00,1.000000e+00,2.309984e+03,2.309984e+03,2.309984e+03
304,coords_1Kps_078_0205,7.224712e+03,3.273603e-01,1.835115e+03,1.835074e+03,3.521505e+01,1.065658e+05,9.005715e+06,1.000000e+00,1.000000e+00,1.000000e+00,1.835074e+03,1.835074e+03,1.835074e+03
305,coords_1Kps_079_0002,2.924768e+04,2.279415e+00,2.057103e+04,2.056585e+04,5.209951e+00,3.175530e+04,3.918386e+06,1.000000e+00,1.000000e+00,1.000000e+00,2.056585e+04,2.056585e+04,2.056585e+04
306,coords_1Kps_079_0103,2.128471e+06,3.432976e+00,1.662793e+06,1.629588e+06,1.471015e-09,5.838796e-03,2.360081e+01,5.295639e-06,1.000000e+00,1.000000e+00,8.629712e+00,1.629588e+06,1.629588e+06
307,coords_1Kps_079_0405,7.794095e+03,1.748893e-01,1.199575e+03,1.199558e+03,3.438497e+01,1.007068e+05,8.459315e+06,1.000000e+00,1.000000e+00,1.000000e+00,1.199558e+03,1.199558e+03,1.199558e+03
308,coords_1Kps_080_0004,2.282064e+04,1.422655e+00,1.361774e+04,1.361547e+04,4.822363e-03,2.068482e+02,7.216249e+04,1.000000e+00,1.000000e+00,1.000000e+00,1.361547e+04,1.361547e+04,1.361547e+04
309,coords_1Kps_080_0103,2.049141e+09,5.146958e-04,1.096405e+06,1.081870e+06,6.280091e-26,1.124714e-14,1.498201e-08,2.260833e-22,4.048969e-11,5.393376e-05,2.445927e-16,4.380459e-05,5.834933e+01
310,coords_1Kps_080_0205,9.412721e+03,7.315534e-01,4.067315e+03,4.067112e+03,5.947379e+00,2.814341e+04,3.003553e+06,1.000000e+00,1.000000e+00,1.000000e+00,4.067112e+03,4.067112e+03,4.067112e+03
311,coords_1Kps_081_0007,2.217424e+04,1.038407e+00,1.151387e+04,1.151224e+04,2.633524e+01,9.320954e+04,8.628370e+06,1.000000e+00,1.000000e+00,1.000000e+00,1.151224e+04,1.151224e+04,1.151224e+04
312,coords_1Kps_081_0104,2.049141e+09,1.478086e-03,3.145470e+06,3.028729e+06,6.280091e-26,1.124714e-14,1.498201e-08,2.260833e-22,4.048969e-11,5.393376e-05,6.847451e-16,1.226323e-04,1.633508e+02
313,coords_1Kps_081_0203,3.571242e+03,4.475711e-01,1.134407e+03,1.134392e+03,1.038303e-02,3.374751e+02,1.005918e+05,1.000000e+00,1.000000e+00,1.000000e+00,1.134392e+03,1.134392e+03,1.134392e+03
314,coords_1Kps_081_0506,9.912869e+03,2.341271e-01,1.941242e+03,1.941196e+03,1.204508e+01,4.950466e+04,4.951300e+06,1.000000e+00,1.000000e+00,1.000000e+00,1.941196e+03,1.941196e+03,1.941196e+03
315,coords_1Kps_082_0008,1.057799e+05,1.185368e+00,5.840694e+04,5.836517e+04,6.619278e+00,3.501862e+04,4.044836e+06,1.000000e+00,1.000000e+00,1.000000e+00,5.836517e+04,5.836517e+04,5.836517e+04
316,coords_1Kps_082_0102,7.579786e+03,2.601543e-01,1.614223e+03,1.614191e+03,1.043164e-04,1.448786e+01,9.551654e+03,3.130811e-01,1.000000e+00,1.000000e+00,5.053728e+02,1.614191e+03,1.614191e+03
317,coords_1Kps_082_0306,7.210945e+04,4.739611e-01,2.381024e+04,2.380329e+04,6.181057e-02,1.239534e+03,2.826081e+05,1.000000e+00,1.000000e+00,1.000000e+00,2.380329e+04,2.380329e+04,2.380329e+04
318,coords_1Kps_082_0407,2.494922e+03,4.618632e-01,8.096087e+02,8.096007e+02,4.627898e-03,1.875093e+02,6.436226e+04,9.999999e-01,1.000000e+00,1.000000e+00,8.096006e+02,8.096007e+02,8.096007e+02
319,coords_1Kps_082_0509,1.588293e+04,2.118288e-01,2.867615e+03,2.867514e+03,5.826579e-06,2.166768e+00,2.514229e+03,2.075723e-02,1.000000e+00,1.000000e+00,5.952163e+01,2.867514e+03,2.867514e+03
320,coords_1Kps_083_0002,4.115637e+04,2.205584e-01,7.679739e+03,7.679017e+03,4.755843e+01,1.326615e+05,1.077824e+07,1.000000e+00,1.000000e+00,1.000000e+00,7.679017e+03,7.679017e+03,7.679017e+03
321,coords_1Kps_083_0005,3.879255e+04,2.847103e-01,8.863058e+03,8.862096e+03,8.941764e+00,4.314672e+04,4.703023e+06,1.000000e+00,1.000000e+00,1.000000e+00,8.862096e+03,8.862096e+03,8.862096e+03
322,coords_1Kps_083_0102,9.549137e+03,2.741400e-01,2.118694e+03,2.118639e+03,4.247584e+01,1.178577e+05,9.566102e+06,1.000000e+00,1.000000e+00,1.000000e+00,2.118639e+03,2.118639e+03,2.118639e+03
323,coords_1Kps_083_0304,6.410225e+04,1.890338e-01,1.053268e+04,1.053132e+04,5.548905e+01,1.527212e+05,1.231205e+07,1.000000e+00,1.000000e+00,1.000000e+00,1.053132e+04,1.053132e+04,1.053132e+04
324,coords_1Kps_084_0001,8.093119e+03,7.520174e-01,3.551995e+03,3.551840e+03,4.627799e+01,1.304674e+05,1.071311e+07,1.000000e+00,1.000000e+00,1.000000e+00,3.551840e+03,3.551840e+03,3.551840e+03
325,coords_1Kps_084_0210,3.326341e+04,1.424557e+00,1.985995e+04,1.985511e+04,8.059553e-02,1.678553e+03,3.965624e+05,1.000000e+00,1.000000e+00,1.000000e+00,1.985511e+04,1.985511e+04,1.985511e+04
326,coords_1Kps_084_0309,6.971390e+03,2.215741e+01,6.681474e+03,6.680927e+03,3.350094e+01,9.754754e+04,8.233716e+06,1.000000e+00,1.000000e+00,1.000000e+00,6.680927e+03,6.680927e+03,6.680927e+03
327,coords_1Kps_084_0408,2.492652e+03,4.431569e+01,2.439722e+03,2.439649e+03,1.023413e+00,8.454308e+03,1.213024e+06,1.000000e+00,1.000000e+00,1.000000e+00,2.439649e+03,2.439649e+03,2.439649e+03
328,coords_1Kps_084_0507,6.419431e+03,8.852362e+00,5.790536e+03,5.790125e+03,1.127181e+00,9.370466e+03,1.344312e+06,1.000000e+00,1.000000e+00,1.000000e+00,5.790125e+03,5.790125e+03,5.790125e+03
329,coords_1Kps_084_0612,4.046383e+04,7.646998e+00,3.594463e+04,3.592880e+04,3.768645e+01,1.113014e+05,9.310128e+06,1.000000e+00,1.000000e+00,1.000000e+00,3.592880e+04,3.592880e+04,3.592880e+04
330,coords_1Kps_084_1113,9.202709e+03,3.968724e+00,7.408084e+03,7.407411e+03,7.713454e+01,2.057883e+05,1.637278e+07,1.000000e+00,1.000000e+00,1.000000e+00,7.407411e+03,7.407411e+03,7.407411e+03
331,coords_1Kps_085_0009,3.199246e+04,1.403351e-01,4.074964e+03,4.074760e+03,1.881846e+01,6.608885e+04,6.045277e+06,1.000000e+00,1.000000e+00,1.000000e+00,4.074760e+03,4.074760e+03,4.074760e+03
332,coords_1Kps_085_0102,1.571207e+04,2.351071e-01,3.087250e+03,3.087133e+03,1.989352e+01,6.904824e+04,6.358165e+06,1.000000e+00,1.000000e+00,1.000000e+00,3.087133e+03,3.087133e+03,3.087133e+03
333,coords_1Kps_085_0305,3.485436e+03,1.053872e+00,1.822654e+03,1.822613e+03,2.226912e+01,7.552546e+04,6.830138e+06,1.000000e+00,1.000000e+00,1.000000e+00,1.822613e+03,1.822613e+03,1.822613e+03
334,coords_1Kps_085_0406,2.492009e+03,1.926330e-01,4.159581e+02,4.159560e+02,1.855228e+01,6.608080e+04,6.061665e+06,1.000000e+00,1.000000e+00,1.000000e+00,4.159560e+02,4.159560e+02,4.159560e+02
335,coords_1Kps_085_0708,5.459707e+03,5.839840e-01,2.063121e+03,2.063069e+03,1.343100e+01,5.251026e+04,5.070894e+06,1.000000e+00,1.000000e+00,1.000000e+00,2.063069e+03,2.063069e+03,2.063069e+03
336,coords_1Kps_086_0007,1.322859e+04,5.948553e-01,5.056324e+03,5.056011e+03,2.357719e+01,8.316626e+04,7.644597e+06,1.000000e+00,1.000000e+00,1.000000e+00,5.056011e+03,5.056011e+03,5.056011e+03
337,coords_1Kps_086_0110,7.936821e+03,6.780609e-02,5.228764e+02,5.228731e+02,1.432539e-05,2.948835e+00,2.405619e+03,5.026417e-02,1.000000e+00,1.000000e+00,2.628178e+01,5.228731e+02,5.228731e+02
338,coords_1Kps_086_0204,5.647498e+03,8.852386e+00,5.094228e+03,5.093910e+03,7.492896e+00,3.495333e+04,3.703835e+06,1.000000e+00,1.000000e+00,1.000000e+00,5.093910e+03,5.093910e+03,5.093910e+03
339,coords_1Kps_086_0305,5.304401e+03,1.422778e+00,3.165402e+03,3.165279e+03,9.898115e+00,4.322635e+04,4.424768e+06,1.000000e+00,1.000000e+00,1.000000e+00,3.165279e+03,3.165279e+03,3.165279e+03
340,coords_1Kps_086_0613,1.010178e+04,2.888500e-01,2.333791e+03,2.333725e+03,2.519234e+01,8.530122e+04,7.786057e+06,1.000000e+00,1.000000e+00,1.000000e+00,2.333725e+03,2.333725e+03,2.333725e+03
341,coords_1Kps_086_0709,1.535508e+04,9.421066e-01,7.599590e+03,7.598882e+03,6.216826e-06,2.002527e+00,2.070421e+03,2.213199e-02,1.000000e+00,1.000000e+00,1.681784e+02,7.598882e+03,7.598882e+03
342,coords_1Kps_086_0812,1.990751e+03,2.910820e+00,1.496472e+03,1.496445e+03,3.601118e-02,8.324391e+02,2.049591e+05,1.000000e+00,1.000000e+00,1.000000e+00,1.496445e+03,1.496445e+03,1.496445e+03
343,coords_1Kps_086_0911,1.812867e+04,3.968722e+00,1.459339e+04,1.459078e+04,6.012417e+00,3.686819e+04,4.602472e+06,1.000000e+00,1.000000e+00,1.000000e+00,1.459078e+04,1.459078e+04,1.459078e+04
344,coords_1Kps_087_0004,1.451686e+04,4.625737e+00,1.201882e+04,1.201705e+04,4.476760e-04,4.098582e+01,2.149754e+04,8.004387e-01,1.000000e+00,1.000000e+00,9.618912e+03,1.201705e+04,1.201705e+04
345,coords_1Kps_087_0107,9.299911e+03,3.294149e-01,2.373270e+03,2.373201e+03,2.204568e+01,8.110958e+04,7.615024e+06,1.000000e+00,1.000000e+00,1.000000e+00,2.373201e+03,2.373201e+03,2.373201e+03
346,coords_1Kps_087_0206,1.099801e+03,4.169436e+00,8.937182e+02,8.937084e+02,9.069962e-06,2.720557e+00,2.723452e+03,3.212454e-02,1.000000e+00,1.000000e+00,2.870998e+01,8.937084e+02,8.937084e+02
347,coords_1Kps_087_0305,1.029718e+04,1.237828e+01,9.555036e+03,9.553917e+03,2.210592e+01,7.612794e+04,6.950602e+06,1.000000e+00,1.000000e+00,1.000000e+00,9.553917e+03,9.553917e+03,9.553917e+03
348,coords_1Kps_088_0001,7.125028e+03,4.521854e+00,5.875735e+03,5.875312e+03,4.644319e-01,5.775298e+03,1.032117e+06,1.000000e+00,1.000000e+00,1.000000e+00,5.875312e+03,5.875312e+03,5.875312e+03
349,coords_1Kps_088_0206,3.843621e+03,4.882013e+00,3.211223e+03,3.211096e+03,2.230555e-05,4.295272e+00,3.453039e+03,7.716053e-02,1.000000e+00,1.000000e+00,2.477699e+02,3.211096e+03,3.211096e+03
350,coords_1Kps_088_0304,3.585467e+04,1.636405e-01,5.215016e+03,5.214683e+03,4.406640e+01,1.251404e+05,1.026177e+07,1.000000e+00,1.000000e+00,1.000000e+00,5.214683e+03,5.214683e+03,5.214683e+03
351,coords_1Kps_088_0507,7.584625e+03,5.472169e-01,2.751092e+03,2.751000e+03,2.002069e-03,1.143758e+02,4.658407e+04,9.992590e-01,1.000000e+00,1.000000e+00,2.748961e+03,2.751000e+03,2.751000e+03
352,coords_1Kps_089_0003,7.717095e+02,1.857263e+01,7.337272e+02,7.337206e+02,3.989252e+01,1.140380e+05,9.556097e+06,1.000000e+00,1.000000e+00,1.000000e+00,7.337206e+02,7.337206e+02,7.337206e+02
353,coords_1Kps_089_0104,7.851938e+07,1.241953e+01,7.287770e+07,3.849769e+07,7.600961e-18,6.798606e-09,5.178397e-04,2.736346e-14,2.447468e-05,8.449834e-01,1.053430e-06,9.422187e+02,3.252991e+07
354,coords_1Kps_089_0205,2.832434e+04,4.102951e-01,8.472043e+03,8.471163e+03,3.177260e+01,9.602606e+04,8.249653e+06,1.000000e+00,1.000000e+00,1.000000e+00,8.471163e+03,8.471163e+03,8.471163e+03
355,coords_1Kps_090_0005,4.724338e+03,9.560094e-01,2.355488e+03,2.355420e+03,3.679972e+01,1.041810e+05,8.545939e+06,1.000000e+00,1.000000e+00,1.000000e+00,2.355420e+03,2.355420e+03,2.355420e+03
356,coords_1Kps_090_0007,2.993420e+04,1.409144e-01,3.826527e+03,3.826347e+03,4.664272e+01,1.321512e+05,1.081406e+07,1.000000e+00,1.000000e+00,1.000000e+00,3.826347e+03,3.826347e+03,3.826347e+03
357,coords_1Kps_090_0109,7.737604e+02,9.132951e+00,7.000641e+02,7.000581e+02,5.211133e-01,5.379549e+03,8.770752e+05,1.000000e+00,1.000000e+00,1.000000e+00,7.000581e+02,7.000581e+02,7.000581e+02
358,coords_1Kps_090_0206,1.119728e+06,4.028052e-01,3.306110e+05,3.292771e+05,3.359144e-09,9.581280e-03,3.252978e+01,1.209285e-05,1.000000e+00,1.000000e+00,3.981897e+00,3.292771e+05,3.292771e+05
359,coords_1Kps_090_0305,3.322484e+03,8.852362e+00,2.996989e+03,2.996879e+03,2.960457e+00,1.835287e+04,2.268941e+06,1.000000e+00,1.000000e+00,1.000000e+00,2.996879e+03,2.996879e+03,2.996879e+03
360,coords_1Kps_090_0408,1.894514e+04,8.174741e-02,1.484610e+03,1.484583e+03,3.343773e+00,1.952464e+04,2.343027e+06,1.000000e+00,1.000000e+00,1.000000e+00,1.484583e+03,1.484583e+03,1.484583e+03
361,coords_1Kps_091_0001,2.210381e+04,3.610388e-01,6.034408e+03,6.033962e+03,3.349165e-02,8.713148e+02,2.408786e+05,1.000000e+00,1.000000e+00,1.000000e+00,6.033962e+03,6.033962e+03,6.033962e+03
362,coords_1Kps_091_0203,3.822398e+04,2.847103e-01,8.733154e+03,8.732219e+03,2.596572e+01,9.449562e+04,8.844399e+06,1.000000e+00,1.000000e+00,1.000000e+00,8.732219e+03,8.732219e+03,8.732219e+03
363,coords_1Kps_092_0001,7.176084e+03,2.299001e-01,1.384821e+03,1.384797e+03,2.899991e+01,9.703042e+04,8.639198e+06,1.000000e+00,1.000000e+00,1.000000e+00,1.384797e+03,1.384797e+03,1.384797e+03
364,coords_1Kps_092_0203,3.703712e+03,1.351134e+01,3.457673e+03,3.457526e+03,1.982106e-04,2.015260e+01,1.139768e+04,5.101021e-01,1.000000e+00,1.000000e+00,1.763691e+03,3.457526e+03,3.457526e+03
365,coords_1Kps_093_0002,8.441586e+03,1.017567e+01,7.712849e+03,7.712120e+03,4.121606e+01,1.200067e+05,9.956384e+06,1.000000e+00,1.000000e+00,1.000000e+00,7.712120e+03,7.712120e+03,7.712120e+03
366,coords_1Kps_093_0103,2.020986e+05,1.227464e+02,2.005279e+05,2.000363e+05,3.564341e-11,3.790247e-04,2.634294e+00,1.283163e-07,7.444888e-01,1.000000e+00,2.566792e-02,1.489248e+05,2.000363e+05
367,coords_1Kps_094_0004,5.458190e+05,7.165181e-01,2.330755e+05,2.324117e+05,8.719676e-19,1.383439e-09,1.500607e-04,3.139083e-15,4.980368e-06,4.173790e-01,7.295596e-10,1.157496e+00,9.700375e+04
368,coords_1Kps_094_0102,2.290877e+04,3.281343e+00,1.771754e+04,1.771369e+04,4.676011e+01,1.505999e+05,1.352496e+07,1.000000e+00,1.000000e+00,1.000000e+00,1.771369e+04,1.771369e+04,1.771369e+04
369,coords_1Kps_094_0305,4.938893e+04,8.742647e-01,2.352185e+04,2.351507e+04,7.265400e+00,3.836004e+04,4.393856e+06,1.000000e+00,1.000000e+00,1.000000e+00,2.351507e+04,2.351507e+04,2.351507e+04
370,coords_1Kps_095_0003,2.443460e+03,5.987877e-01,9.377608e+02,9.377501e+02,1.325589e+00,1.041157e+04,1.454835e+06,1.000000e+00,1.000000e+00,1.000000e+00,9.377501e+02,9.377501e+02,9.377501e+02
371,coords_1Kps_095_0102,7.965259e+03,5.334042e-01,2.842252e+03,2.842153e+03,7.864994e-06,2.148206e+00,2.029931e+03,2.791690e-02,1.000000e+00,1.000000e+00,7.934408e+01,2.842153e+03,2.842153e+03
372,coords_1Kps_096_0106,5.596778e+04,6.369039e-02,3.477250e+03,3.477102e+03,8.451742e-01,7.981654e+03,1.231777e+06,1.000000e+00,1.000000e+00,1.000000e+00,3.477102e+03,3.477102e+03,3.477102e+03
373,coords_1Kps_096_0209,3.529729e+03,1.191339e+00,1.953344e+03,1.953297e+03,2.212671e-02,6.020860e+02,1.649995e+05,1.000000e+00,1.000000e+00,1.000000e+00,1.953297e+03,1.953297e+03,1.953297e+03
374,coords_1Kps_096_0308,2.078197e+04,4.031117e+00,1.677991e+04,1.677646e+04,1.058928e+01,4.653007e+04,4.811892e+06,1.000000e+00,1.000000e+00,1.000000e+00,1.677646e+04,1.677646e+04,1.677646e+04
375,coords_1Kps_096_0407,2.561834e+08,1.478086e-03,3.932463e+05,3.913604e+05,1.560971e-22,3.788490e-12,1.769250e-06,5.619496e-19,1.363856e-08,6.349058e-03,2.199248e-13,5.337594e-03,2.484770e+03
376,coords_1Kps_097_0007,3.991018e+03,2.601543e-01,8.499439e+02,8.499351e+02,1.761297e-02,4.889470e+02,1.340573e+05,1.000000e+00,1.000000e+00,1.000000e+00,8.499351e+02,8.499351e+02,8.499351e+02
377,coords_1Kps_097_0105,2.716951e+05,7.569022e-02,1.982857e+04,1.982375e+04,3.077485e+01,1.069814e+05,9.692004e+06,1.000000e+00,1.000000e+00,1.000000e+00,1.982375e+04,1.982375e+04,1.982375e+04
378,coords_1Kps_097_0204,2.362978e+04,2.901099e+00,1.774803e+04,1.774417e+04,7.016961e-06,2.108223e+00,2.112524e+03,2.494467e-02,1.000000e+00,1.000000e+00,4.426226e+02,1.774417e+04,1.774417e+04
379,coords_1Kps_097_0306,4.497364e+03,2.056107e-01,7.923494e+02,7.923417e+02,3.391611e+01,9.903868e+04,8.354178e+06,1.000000e+00,1.000000e+00,1.000000e+00,7.923417e+02,7.923417e+02,7.923417e+02
380,coords_1Kps_098_0003,2.731515e+04,1.206833e-01,3.046329e+03,3.046216e+03,2.248556e+00,1.583749e+04,2.093706e+06,1.000000e+00,1.000000e+00,1.000000e+00,3.046216e+03,3.046216e+03,3.046216e+03
381,coords_1Kps_098_0102,3.307910e+05,4.882013e+00,2.763654e+05,2.754326e+05,8.006644e-08,8.564153e-02,1.744826e+02,2.881976e-04,1.000000e+00,1.000000e+00,7.937902e+01,2.754326e+05,2.754326e+05
382,coords_1Kps_099_0003,2.549683e+04,2.363950e+00,1.812520e+04,1.812118e+04,3.544983e-06,1.248038e+00,1.364978e+03,1.268085e-02,1.000000e+00,1.000000e+00,2.297920e+02,1.812118e+04,1.812118e+04
383,coords_1Kps_099_0102,1.630037e+05,7.169856e-01,6.963183e+04,6.957246e+04,9.829145e-02,1.782579e+03,3.977919e+05,1.000000e+00,1.000000e+00,1.000000e+00,6.957246e+04,6.957246e+04,6.957246e+04
384,coords_1Kps_099_0406,7.200909e+04,1.001387e+00,3.673744e+04,3.672090e+04,5.784885e+00,3.358332e+04,4.042024e+06,1.000000e+00,1.000000e+00,1.000000e+00,3.672090e+04,3.672090e+04,3.672090e+04
385,coords_1Kps_099_0507,5.594144e+03,1.434015e-02,8.221265e+01,8.221257e+01,1.550250e+01,6.137492e+04,5.960255e+06,1.000000e+00,1.000000e+00,1.000000e+00,8.221257e+01,8.221257e+01,8.221257e+01
386,coords_1Kps_100_0103,2.651290e+08,2.016864e-01,4.597372e+07,2.940699e+07,9.027036e-15,1.097783e-06,2.864705e-02,3.249733e-11,3.944219e-03,1.000000e+00,9.556485e-04,1.159876e+05,2.940699e+07
387,coords_1Kps_100_0405,5.366895e+03,2.078260e+00,3.669385e+03,3.669220e+03,1.033276e-04,1.566725e+01,1.051841e+04,3.106315e-01,1.000000e+00,1.000000e+00,1.139776e+03,3.669220e+03,3.669220e+03
